relay,datetime,rates,mean_variations,standard_devs
06BBEAA6F73759A1795EB461D39D2AA168F305D1,2020-03-07 06:33:26,"[60, 120, 180, 240, 300, 360, 420, 480, 540, 600, 720, 840, 960, 1080, 1200, 1320, 1440, 1560, 1680, 1800, 1920, 2040, 2160, 2280, 2400, 2520, 2640, 2760, 2880, 3000, 3120, 3240, 3360, 3480]","[378.73275807721444, 761.7639174694864, 912.159755100764, 968.037971022801, 991.3584550624246, 1003.4156837895052, 1023.4518017118434, 1048.4389051070978, 1067.0051881701236, 1078.0029210241055, 1083.850624075768, 1096.3130752212535, 1121.510879285643, 1106.3680259873227, 1126.5731568713884, 1147.6251644696242, 1158.5518981639839, 1153.5224784797226, 1153.8089581982204, 1165.0956437651598, 1183.9215222954654, 1190.7796968186863, 1202.8232403282977, 1196.8182212121708, 1216.1195134198392, 1183.0465140727813, 1189.7908887131646, 1192.268625610476, 1206.8128090153552, 1208.5566159482366, 1208.6023234504637, 1208.411224406782, 1224.1810050209128, 1233.0598655355716]","[25.087032844190887, 46.47097513084613, 39.77224856203436, 53.225047345227075, 123.31166209438953, 67.51730681439483, 143.4021982013801, 109.33014553309488, 183.57164619972554, 148.92830481723158, 169.97374597091235, 204.16516283566534, 205.7613390648257, 229.57780031880608, 225.12985283348183, 314.75886329667156, 253.5233243097977, 273.5225680167631, 350.1800697012006, 343.20621565936773, 308.5002956913652, 342.9019141299747, 393.00696365188867, 334.75109521288476, 384.9271176813717, 318.2840751146885, 354.2285470052932, 310.8890525713546, 340.8616688757087, 408.0233033511181, 329.69361418956083, 370.8379987969934, 376.4538510287027, 379.0229198941264]"
06BBEAA6F73759A1795EB461D39D2AA168F305D1,2020-03-08 06:51:39,"[60, 120, 180, 240, 300, 360, 420, 480, 540, 600, 720, 840, 960, 1080, 1200, 1320, 1440, 1560, 1680, 1800, 1920, 2040, 2160, 2280, 2400, 2520, 2640, 2760, 2880, 3000, 3120, 3240, 3360, 3480]","[935.2220832781337, 1814.124135030549, 2116.261003010909, 2268.5100633569477, 2344.7088393616536, 2395.3360336404735, 2453.681281900659, 2478.7297193979416, 2474.6216995125596, 2506.498307734087, 2560.0444002435415, 2603.52843398794, 2581.5409857581844, 2512.162251671291, 2558.878824437165, 2510.634342004362, 2479.759898560621, 2518.5045905574307, 2698.5104941574223, 2545.338944579752, 2602.281854959721, 2633.782373943141, 2598.536248784549, 2551.7665605500024, 2587.09479187824, 2597.2307201587387, 2414.6315478590404, 2368.040619097688, 2339.751026895872, 2336.9400373195617, 2399.054060232918, 2340.91617279023, 2337.2343389187154, 2398.370874139223]","[71.90752683005094, 227.98384460367197, 149.35223899243007, 373.5633021522726, 406.3920666906467, 487.2881970157105, 558.0822641126815, 756.392013251638, 664.9310318343373, 795.115567533505, 967.4034901921543, 1064.7248000602747, 1241.0159044346103, 1181.972542334, 1413.9877090494065, 1413.6184448974552, 1428.5946777344914, 1400.4752699616054, 1803.5315691567866, 1578.8445506599894, 1745.4275122491267, 1822.9872838171964, 1820.3624329739002, 1798.9149178181667, 1854.5951590929444, 1840.274566913218, 1505.6646978416277, 1428.0959963754083, 1280.8250211879185, 1290.6728458498442, 1416.7568582218798, 1297.1199819438195, 1356.3579125543722, 1415.4495853550768]"
06BBEAA6F73759A1795EB461D39D2AA168F305D1,2020-03-09 07:51:01,"[60, 120, 180, 240, 300, 360, 420, 480, 540, 600, 720, 840, 960, 1080, 1200, 1320, 1440, 1560, 1680, 1800, 1920, 2040, 2160, 2280, 2400, 2520, 2640, 2760, 2880, 3000, 3120, 3240, 3360, 3480]","[399.15412629978897, 813.1652371882296, 982.3538056264905, 1041.6318877505626, 1037.21210219392, 1042.056686571452, 1054.8995333516405, 1083.8612777726344, 1069.4475703876583, 1059.5126361290481, 1064.284309581126, 1077.8988388841092, 1089.816769851636, 1087.7307946271699, 1108.8940009042335, 1095.0892919063408, 1124.7110671330074, 1118.7623278421227, 1108.9419323438945, 1118.2296562324861, 1103.6161350649013, 1112.4357790809336, 1117.4747933009953, 1112.9290286620924, 1138.7326395352475, 1106.5856681682824, 1118.3436785924594, 1126.1687798785774, 1122.6329213051804, 1120.9848652543565, 1115.1393042408863, 1103.0214809965225, 1120.6059610331456, 1130.573409463617]","[17.024238665779354, 48.229537865173036, 91.1036017689735, 64.2354035859519, 100.64982680281652, 100.83042177567262, 161.82438717002654, 105.84341044521615, 163.43983259819169, 165.76715849768135, 163.4935594529066, 187.06392626620237, 209.4519878634438, 229.8444596731994, 276.6273976993827, 252.54800598646327, 238.57472801807356, 250.67439469632043, 300.4845254685416, 333.81665459899966, 309.956963980673, 323.5176068840621, 315.76331535156993, 346.0325385548326, 370.3360569008466, 327.91211208192226, 322.8214522468279, 361.4622307064879, 353.7120400083983, 365.1572602467893, 353.24766940714716, 359.52214095133917, 393.84987784740974, 415.3058768822703]"
0E452A30E7E05744071678E0A059BDDB468930CD,2020-03-18 13:44:22,"[60, 120, 180, 240, 300, 360, 420, 480, 540, 600, 720, 840, 960, 1080, 1200, 1320, 1440, 1560, 1680, 1800, 1920, 2040, 2160, 2280, 2400, 2520, 2640, 2760, 2880, 3000, 3120, 3240, 3360, 3480]","[986.3582237308976, 1794.1119546310201, 2090.665972379948, 2197.3490860681454, 2243.523385871604, 2340.260852908004, 2368.6669819771532, 2379.02209010419, 2416.9077881664316, 2476.4698876894745, 2488.3153680263486, 2508.5239359521615, 2534.587146297234, 2548.2837053731087, 2572.691127852234, 2577.662049893779, 2594.837009377077, 2666.8744935019545, 2702.6235307215534, 2757.271445453871, 2717.720759987829, 2706.9317568662937, 2749.1932466776307, 2768.1396612466133, 2777.2753244423698, 2764.530638904451, 2778.5160553001683, 2795.063683646777, 2785.6317915809054, 2786.851282087066, 2756.9269812217767, 2712.6728420795193, 2753.2546155806613, 2751.5600491948744]","[75.38192867905228, 171.88317774612148, 159.1423450049618, 338.0749777152361, 157.23822036102038, 341.7357110798507, 326.0429551115999, 466.6307764923536, 409.76482510420357, 380.1404500656283, 606.6290242945436, 424.5202027797891, 552.2112532536407, 476.8439900161819, 692.1490959924682, 516.2014706755931, 637.130160699105, 720.543986299777, 724.1066957058831, 794.0167548029629, 772.6441117342731, 760.6376972329233, 901.1123011720581, 895.9080039031963, 1004.9551227782434, 959.6870382922236, 959.3484952934554, 990.3652905879011, 1008.9282403554982, 1115.2164775063588, 1057.8086280928335, 924.420701223632, 922.1526204934713, 965.7596291079698]"
0E452A30E7E05744071678E0A059BDDB468930CD,2020-03-19 13:47:04,"[60, 120, 180, 240, 300, 360, 420, 480, 540, 600, 720, 840, 960, 1080, 1200, 1320, 1440, 1560, 1680, 1800, 1920, 2040, 2160, 2280, 2400, 2520, 2640, 2760, 2880, 3000, 3120, 3240, 3360, 3480]","[693.8840603310074, 1148.5774098899174, 1267.2439128670503, 1322.9621461919642, 1356.873842475913, 1378.3352109511034, 1403.2073703527105, 1403.9178140639985, 1406.646682946741, 1445.9361311588873, 1456.7395018540274, 1497.862544644401, 1527.1013184801604, 1488.894032085106, 1531.4454677733236, 1541.0397108511777, 1532.0364806580249, 1556.0831104987217, 1582.247457929959, 1617.4091214498137, 1631.0449241102692, 1630.3364074236038, 1597.9733669183372, 1609.1335482107986, 1647.00719121063, 1678.8953479324502, 1657.8103928649575, 1673.2327052205255, 1706.3315472993024, 1700.280697674461, 1701.175774192533, 1677.3142418283333, 1683.4269168746175, 1703.4576773385093]","[27.55385137806586, 78.41242731657869, 151.24864848343165, 116.51607318279812, 199.3240610072092, 232.75327467226793, 283.7702783228646, 219.80554040910525, 353.69530833561294, 256.57797489629274, 355.96802655414274, 435.3550615101236, 437.2275284439719, 542.0358284431699, 436.23838108983745, 520.3769111980257, 472.558805305795, 543.5530258345319, 571.2899842149502, 617.605834965096, 690.7392479032284, 691.7361565883778, 710.0043784707932, 617.8377720116174, 662.0482930561114, 676.2531681489562, 718.4873153227911, 755.409962827406, 752.7829602739077, 766.5980880813154, 799.1137247821572, 765.3265843220819, 831.2835223003462, 838.6963585577925]"
0E452A30E7E05744071678E0A059BDDB468930CD,2020-03-20 13:48:25,"[60, 120, 180, 240, 300, 360, 420, 480, 540, 600, 720, 840, 960, 1080, 1200, 1320, 1440, 1560, 1680, 1800, 1920, 2040, 2160, 2280, 2400, 2520, 2640, 2760, 2880, 3000, 3120, 3240, 3360, 3480]","[801.4381583357182, 1432.447644117149, 1633.3143607591333, 1717.3433298821924, 1797.4606873739679, 1820.0606901335075, 1819.2906966449139, 1842.8214846207024, 1897.1305033263168, 1890.4243480268372, 1902.7953401974319, 1873.9385234471386, 1883.086226038371, 1894.068883163762, 1869.8079654135825, 1868.8404222553017, 1894.425028522714, 1907.8337374730063, 1893.7165409619986, 1913.3165739107742, 1941.5727413667023, 1954.740715669699, 1959.348175164069, 1943.224962172277, 1898.411123467855, 1907.3901218538795, 1914.4915255012502, 1941.8284492501582, 1961.1609747227546, 1974.8999742597323, 2006.07793345514, 2010.0673674674858, 2023.0069953229176, 2031.7565636017875]","[24.907270160738996, 229.29794917305128, 122.1775844677146, 248.29181660931187, 204.86683008930615, 267.50420441215414, 271.5499969359802, 311.9727328514109, 336.42701638186026, 319.1560848908363, 323.8491892623015, 344.5477855912132, 371.4624699428575, 382.4308803193337, 369.2478664259037, 378.42420116156995, 426.2452886263824, 463.65125813288427, 421.0776397504985, 482.02860552961783, 578.0438080532423, 638.8938968416595, 782.2684371609862, 703.5775504152165, 642.4703411761121, 693.7738600703308, 772.8002427047675, 819.4952818913049, 822.388918894134, 867.9229065867413, 935.468167788563, 980.4029466339442, 1004.3845237070511, 1071.2760560749332]"
22A6BE98D201B101C32661739967BF4DED12EF96,2020-03-13 07:20:27,"[60, 120, 180, 240, 300, 360, 420, 480, 540, 600, 720, 840, 960, 1080, 1200, 1320, 1440, 1560, 1680, 1800, 1920, 2040, 2160, 2280, 2400, 2520, 2640, 2760, 2880, 3000, 3120, 3240, 3360, 3480]","[940.9789221749995, 1586.3121887092798, 1766.3623937665584, 1875.4819552696817, 1957.774796320795, 2060.6483978365704, 2128.6454133986617, 2146.905758670867, 2207.050643160418, 2251.382120340663, 2303.363260152663, 2346.251119352629, 2354.4687734789877, 2453.918653090741, 2474.2286985136607, 2469.0204791978185, 2558.6466617385954, 2640.512189851545, 2682.5596042701777, 2680.792808726017, 2687.797298211485, 2736.842426704175, 2787.2627386495406, 2814.9823645554084, 2765.3717172451475, 2783.091812962862, 2742.305110727774, 2749.0585197783917, 2724.839886824165, 2741.9947835687044, 2726.7026322619604, 2708.371170248095, 2678.7317641363884, 2629.4187207337213]","[39.99020449167872, 94.00380071622861, 167.69982496203457, 143.93373246308602, 262.6887533957185, 208.58772485157942, 309.0053239662833, 340.27731935137297, 283.44482216308216, 483.2420749430405, 369.4320033683009, 549.8224759015555, 597.8217630159425, 446.0697578650415, 617.705887706804, 558.1824588307461, 606.3834284777283, 736.2863374399006, 790.6520440825973, 767.9011688697966, 785.9914620347994, 777.4494404904098, 832.1915694856801, 716.5234773888983, 696.3882630879425, 736.6266159111432, 729.2165252393736, 713.1124774729404, 735.1618345910605, 825.1704053420949, 813.8480233439848, 711.440239861267, 803.5028630487947, 782.1980269849988]"
22A6BE98D201B101C32661739967BF4DED12EF96,2020-03-15 06:33:17,"[60, 120, 180, 240, 300, 360, 420, 480, 540, 600, 720, 840, 960, 1080, 1200, 1320, 1440, 1560, 1680, 1800, 1920, 2040, 2160, 2280, 2400, 2520, 2640, 2760, 2880, 3000, 3120, 3240, 3360, 3480]","[854.8829308346154, 1467.737019410886, 1721.8675014676924, 1807.329451377158, 1873.6268351102647, 1923.3077119319312, 1973.838519453613, 1985.9535237943614, 2054.515963808342, 2087.533419060935, 2110.6411895719116, 2185.543431002551, 2218.3037647570877, 2259.6727002830394, 2304.7465466151593, 2306.3715203792212, 2383.6443993693238, 2448.648591843915, 2453.690732075449, 2457.0382933209225, 2499.921411459681, 2573.6426511088225, 2607.5318311044857, 2626.29709279188, 2612.1088376084294, 2599.6336438560284, 2589.1736415788773, 2638.5376167022187, 2726.505080646812, 2761.691778467971, 2780.9568044877255, 2819.442786709967, 2867.050254172638, 2921.067209208184]","[64.69949033807549, 97.7589375865156, 81.43199685235132, 147.82177370586356, 113.24735484559909, 142.56010078431729, 313.9040499539882, 207.48489596320053, 257.2793220556292, 311.77865206456914, 319.04926336526694, 438.87386815215, 414.57614730923115, 520.2662309747344, 531.0048531939948, 536.5713949395413, 670.453805367085, 740.8007501027139, 783.5793054252596, 834.3202469569466, 891.3176778460905, 886.0363146640307, 973.8934530050678, 954.0292940545766, 887.1142424794966, 940.2721115310313, 901.9420117142912, 897.3265508223186, 952.5300098639283, 939.6039665914599, 1001.3546945400583, 1010.5292903403006, 1038.383119357584, 1120.2187545685726]"
22A6BE98D201B101C32661739967BF4DED12EF96,2020-03-16 08:39:35,"[60, 120, 180, 240, 300, 360, 420, 480, 540, 600, 720, 840, 960, 1080, 1200, 1320, 1440, 1560, 1680, 1800, 1920, 2040, 2160, 2280, 2400, 2520, 2640, 2760, 2880, 3000, 3120, 3240, 3360, 3480]","[1097.589746048311, 1878.7804118830854, 2229.1011161207452, 2524.065002981879, 2742.628421387337, 2888.111504670021, 3029.8653671137245, 3119.5401569698142, 3195.84316163572, 3281.174053598698, 3450.2556807106853, 3525.729044081397, 3636.5432311897625, 3767.2909302448343, 3861.820659976532, 3935.566067729087, 4053.530454737449, 4009.140063581724, 3978.4140616847026, 4063.189005144097, 4116.8378072162195, 4126.165527230939, 4145.586697908662, 4122.655423151694, 4142.017437352487, 4059.962712045561, 4178.222353371071, 4245.719974940323, 4296.150360320571, 4225.913902988423, 4070.850115817757, 4084.692507758604, 4072.994970487355, 4074.719161538468]","[71.04189292404963, 146.06421507054253, 212.66849806842396, 284.6241513106578, 326.75056437590735, 311.21446233590257, 307.2868903882385, 481.2549282925759, 507.5779684957529, 439.7941221103721, 687.4739548029602, 840.5006585413853, 800.8886082778318, 783.6299563966217, 1061.1288572498047, 1404.4824986200913, 1407.704016528387, 1294.2171045035723, 1572.9144510707326, 1749.534876674192, 1608.2801450601805, 1774.1301299343077, 1923.9640282291805, 1972.759131068295, 2143.502550345956, 2145.2398738558245, 2491.2736439063415, 2565.3372660851805, 2583.520169686589, 2425.119107057846, 2042.9396929428156, 2124.4315518117473, 2221.309362039647, 2411.335112704204]"
35DA04A92634AF2392CBA6AF158E00B5589A1CFA,2020-03-12 22:20:07,"[60, 120, 180, 240, 300, 360, 420, 480, 540, 600, 720, 840, 960, 1080, 1200, 1320, 1440, 1560, 1680, 1800, 1920, 2040, 2160, 2280, 2400, 2520, 2640, 2760, 2880, 3000, 3120, 3240, 3360, 3480]","[996.5453842190708, 1732.2549385973498, 1949.866469809439, 2083.5970449389974, 2208.482525941062, 2313.6322470435734, 2349.5842683507644, 2371.6205296889766, 2395.7161334462767, 2378.358181737951, 2390.4748768879213, 2400.5628128259464, 2413.5278811947837, 2391.034448825652, 2437.749867175247, 2402.159058747471, 2475.1525729347945, 2517.062048852711, 2453.824413140043, 2444.675212997112, 2476.4650458283054, 2487.390728357241, 2491.8786219675417, 2526.1233346448207, 2532.73028613109, 2457.6860323040964, 2425.9692753049058, 2424.99981480363, 2413.8452184435414, 2412.967385953145, 2438.9868410969757, 2426.6062825933236, 2427.0923517227734, 2451.1068256573703]","[40.5351232407335, 43.259091285250676, 191.09277848170723, 254.5943706664944, 315.4802573762679, 292.32887322217186, 315.9015381665397, 498.76399357347304, 415.04781133287173, 413.04536648638606, 629.8851265753508, 671.4870129653358, 765.2136109516754, 686.3092771426353, 737.5624940062759, 789.0258431257643, 1001.0244323043424, 1009.38511374809, 872.6858287013927, 907.0715760002234, 1094.9210617947447, 1134.2248957533836, 1174.162566489144, 1191.933008136606, 1169.829057640553, 974.7125233708568, 978.1044746300693, 1001.2883697470455, 1014.9985044352195, 1014.1836571641724, 953.0216391027634, 938.0997618465191, 927.7253989134954, 974.7380849301135]"
35DA04A92634AF2392CBA6AF158E00B5589A1CFA,2020-03-14 21:33:05,"[60, 120, 180, 240, 300, 360, 420, 480, 540, 600, 720, 840, 960, 1080, 1200, 1320, 1440, 1560, 1680, 1800, 1920, 2040, 2160, 2280, 2400, 2520, 2640, 2760, 2880, 3000, 3120, 3240, 3360, 3480]","[1003.2459405094271, 1526.1354301455922, 1665.1413476385521, 1778.8023231727009, 1852.7063803975648, 1894.692757218021, 1928.328280003296, 1966.7864793860322, 1956.973224674546, 1985.8285146437875, 2030.1880273407355, 2044.2561004938902, 2055.4846267435323, 2005.6171279831601, 1995.8209207575896, 2005.3014215004287, 2011.3730242382412, 2023.2737312204883, 2003.1116366035162, 2007.5973703380378, 2044.5816447608154, 2061.376478520769, 2039.8592656287308, 2041.69887329654, 2069.7520716683493, 2094.015818441293, 2113.310710172584, 2106.1801008256034, 2125.517761884291, 2148.1247276063064, 2154.463109499496, 2118.6966924031294, 2137.738152938432, 2145.7180317588372]","[57.93569930960222, 155.66368805893816, 176.91181723395522, 314.2671042379951, 324.8939616262049, 398.98348571835226, 375.61838165355744, 565.2018942565968, 493.347862790865, 514.4776383572416, 624.8398890776989, 544.0800468983502, 773.811614900743, 733.8792072202671, 625.3943322623343, 572.2639408083505, 622.1013359101428, 639.6399379494757, 549.8306175144861, 633.9038374405885, 647.6595506504389, 700.0037966721819, 668.985681009347, 706.2236573566569, 588.3835692446397, 716.8150642801551, 802.0660851485119, 663.1242709030097, 727.2119189066249, 822.5411287075723, 886.7155781039512, 839.1764125165032, 858.5547697880388, 981.327856713517]"
35DA04A92634AF2392CBA6AF158E00B5589A1CFA,2020-03-15 23:39:13,"[60, 120, 180, 240, 300, 360, 420, 480, 540, 600, 720, 840, 960, 1080, 1200, 1320, 1440, 1560, 1680, 1800, 1920, 2040, 2160, 2280, 2400, 2520, 2640, 2760, 2880, 3000, 3120, 3240, 3360, 3480]","[1701.669117370682, 2585.5124610161706, 2878.0850384680416, 3048.534051877553, 3139.2286040037734, 3237.5856819893656, 3309.6494559047906, 3380.062688536562, 3430.6584664315033, 3433.8682072513006, 3469.768464991952, 3483.940433096127, 3543.832805163644, 3606.2664432062825, 3578.4604441419756, 3606.0746208241726, 3649.9069394274884, 3570.554986007346, 3618.033872370509, 3641.9852419617655, 3639.248877285026, 3678.550733939757, 3716.6301106210967, 3593.0187842136556, 3607.9427811056808, 3572.8097880997543, 3532.991226242771, 3572.000424431764, 3512.2879082745385, 3507.471474455223, 3476.9135401432104, 3483.5879175351497, 3492.194847629074, 3499.921412375813]","[186.55436984716914, 120.18056887184898, 294.55203255836875, 435.66014963745897, 444.19163376920034, 323.26009963058425, 368.8105790259506, 487.85606821451876, 489.28454009793194, 734.4973519928435, 576.5862808242267, 635.8747054038381, 718.7961743876081, 824.9789968712033, 906.8083541683385, 1018.3564051031975, 960.0271783942218, 1005.6667609983427, 1130.9893850080568, 1227.601234137403, 1097.8725228144956, 1184.5771183895386, 1253.2235677424735, 1123.6700653127816, 1178.990824124683, 1192.6213093421813, 1169.427270068692, 1318.2142248399243, 1269.3836731595, 1313.198522654111, 1325.2198584552723, 1336.316154780445, 1296.6588593889958, 1294.2688967834035]"
3DCA95587F917F3F212B598731B97BDB85BFEE92,2020-03-06 12:32:00,"[60, 120, 180, 240, 300, 360, 420, 480, 540, 600, 720, 840, 960, 1080, 1200, 1320, 1440, 1560, 1680, 1800, 1920, 2040, 2160, 2280, 2400, 2520, 2640, 2760, 2880, 3000, 3120, 3240, 3360, 3480]","[1180.3164622675226, 2459.575450700361, 3162.2530572888722, 3573.188271720456, 3802.57078655764, 3953.632976956321, 4013.312150673202, 4048.036369432181, 4041.08889879325, 4003.0993927410786, 4034.5963851170886, 4216.379059282742, 4372.229677608884, 4293.2046690868565, 4274.700931975903, 4380.895739623552, 4506.81706709009, 4436.867559588873, 4359.413034975614, 4288.724584494528, 4368.002523887714, 4393.374576307543, 4417.070674301121, 4494.002004940386, 4491.659716242606, 4410.414209137414, 4468.422045282492, 4402.70166545673, 4426.633596081074, 4341.115985913298, 4256.231426765393, 4126.464144853846, 4168.9675499010555, 4160.2685807676025]","[37.596656305821426, 264.7867971069452, 253.7975077885283, 298.2733698243216, 429.20052434451827, 349.9812096830346, 505.45323118444327, 858.0055027075092, 444.26213259132993, 693.9639021615524, 678.7316351691397, 785.6870349126281, 1258.8794323520367, 841.6732763634757, 1154.3118319146595, 1246.4593632845622, 1616.1684204618598, 1308.388218278378, 1386.0174209536365, 1863.3310986377815, 1599.5031946534457, 1855.1284043199244, 1593.7105675418125, 1865.7617334642669, 1934.7590537914414, 1766.5893781398686, 1991.0385495478336, 2212.1845097640244, 1962.36268710507, 2038.133028503325, 1902.2143900362964, 1729.4613205041583, 1672.1354992712472, 1744.408952603344]"
3DCA95587F917F3F212B598731B97BDB85BFEE92,2020-03-07 12:50:43,"[60, 120, 180, 240, 300, 360, 420, 480, 540, 600, 720, 840, 960, 1080, 1200, 1320, 1440, 1560, 1680, 1800, 1920, 2040, 2160, 2280, 2400, 2520, 2640, 2760, 2880, 3000, 3120, 3240, 3360, 3480]","[837.2190830067341, 1676.1065204373476, 1949.1080521804763, 2054.7667068464148, 2149.855802053275, 2161.714066163134, 2233.7624831891667, 2273.2827428122764, 2294.0885525646554, 2370.5056955514374, 2389.3048664717066, 2425.308381590925, 2428.4641092571896, 2415.853628468729, 2469.0667573442793, 2383.737706652295, 2406.6437246462606, 2428.991781946338, 2413.195977150033, 2410.3787168367, 2315.858726586995, 2345.979136436545, 2313.5290186642565, 2352.1608458596324, 2373.035979353875, 2361.9097078692453, 2359.3535878845046, 2415.55220649045, 2439.604961195157, 2483.483360938725, 2469.0217829311823, 2434.7505908576472, 2444.427328788914, 2434.3532279696765]","[81.90659090310947, 125.74830777750851, 144.8236030250109, 177.40679325156958, 245.92172349669016, 298.9844357079172, 257.0261101790019, 474.94400046933634, 408.4016318473716, 348.9079226708859, 532.3730220887874, 399.5019944108603, 588.4138413915455, 553.5244554297484, 595.1968782498188, 730.8722908308389, 697.7592386054696, 629.9384994096696, 588.8969378967367, 685.2472818314383, 727.5855595020867, 714.7557047722471, 664.3069639989646, 733.0888021220397, 846.9258768078843, 798.5861738335549, 868.8180613365226, 929.8216273205378, 906.8887596075825, 919.6460801436486, 951.041437739764, 993.0761354386167, 990.9573623970746, 979.4310469501678]"
3DCA95587F917F3F212B598731B97BDB85BFEE92,2020-03-08 13:49:36,"[60, 120, 180, 240, 300, 360, 420, 480, 540, 600, 720, 840, 960, 1080, 1200, 1320, 1440, 1560, 1680, 1800, 1920, 2040, 2160, 2280, 2400, 2520, 2640, 2760, 2880, 3000, 3120, 3240, 3360, 3480]","[459.54479437054044, 1051.7561789192328, 1335.1050845835914, 1467.4466274271308, 1527.0197870591471, 1583.5238126019135, 1664.6109046058432, 1709.9196130230048, 1710.7315614170395, 1761.4628421198956, 1849.0389936855993, 1881.174668347767, 1983.007974433585, 2034.0661807361566, 2060.458881501581, 2068.9815370875267, 2102.3235955438886, 2131.192968259832, 2097.1123520447363, 2088.335199069913, 2126.0728595850446, 2152.465900483601, 2117.5829455501485, 2086.195708489158, 2046.4147343332197, 2010.9418978115154, 2006.9557062886372, 2041.267358158381, 2015.9481366573496, 2030.0986669724527, 2035.1542315136487, 2009.9679245337713, 2030.2305014020126, 2028.877431568218]","[36.615890089771135, 103.39055796801802, 209.5320919848646, 161.4591469224749, 307.55058292811066, 275.76972279703165, 200.47486728102928, 248.82033179506976, 315.682954429034, 348.0085699938697, 453.576388951148, 448.8646138777575, 349.3477954286297, 348.1008995820773, 484.73145040573934, 470.4353394339567, 513.663615569962, 523.6957821881041, 484.0325596885609, 486.3194593102594, 541.8787547166025, 565.1837382374504, 543.689049141051, 503.60923346421316, 544.611660998571, 546.6803675790759, 571.4483599555944, 604.3917167791574, 624.9919391587894, 595.056712492005, 622.8300431856776, 623.6763847963607, 652.084130052408, 663.2377591296942]"
425835370C1FBE178C21CB53C76672F12BDE091A,2020-03-07 00:33:04,"[60, 120, 180, 240, 300, 360, 420, 480, 540, 600, 720, 840, 960, 1080, 1200, 1320, 1440, 1560, 1680, 1800, 1920, 2040, 2160, 2280, 2400, 2520, 2640, 2760, 2880, 3000, 3120, 3240, 3360, 3480]","[1022.5199141565344, 2096.123790579154, 2465.523955035847, 2565.660577916177, 2708.8193871291296, 2912.6810132081036, 2993.095478675442, 3078.469385981092, 3180.562233014144, 3259.5744895748444, 3345.8165817915697, 3367.3338619962115, 3465.6699311212783, 3446.602735412653, 3550.170374556464, 3565.75274548026, 3598.917840937613, 3648.970497019654, 3756.900625121973, 3796.7912805683604, 3744.798087859895, 3745.5445176109165, 3658.784677700897, 3780.774018985395, 3878.5954213891755, 3958.7665221935554, 3895.2059180678148, 3908.365732730362, 3856.501962582779, 3826.4059790437777, 3865.4110723206554, 3880.8809704852024, 3864.271628411084, 3982.233056755033]","[42.94113045232151, 71.05832229936786, 144.69729130688415, 188.13990819563406, 273.2475006954539, 371.7026365441672, 402.87418052809915, 484.96808894847214, 480.1860284770669, 543.8237393106483, 544.7727636309118, 585.4835118849832, 683.8620447622009, 656.3425341028227, 978.528408264462, 782.2600190586276, 875.8253251339167, 963.383986000428, 1190.7164495545896, 1153.9906716707335, 1060.3786962229103, 1220.3813728951438, 1201.7103124231521, 1249.0216369177626, 1401.1726997432604, 1562.143331569665, 1528.4115626626103, 1487.4530243507825, 1517.5162713959926, 1575.8406286690238, 1650.1441945511797, 1721.4334851111075, 1811.8613397151485, 1896.1257326923055]"
425835370C1FBE178C21CB53C76672F12BDE091A,2020-03-08 00:51:18,"[60, 120, 180, 240, 300, 360, 420, 480, 540, 600, 720, 840, 960, 1080, 1200, 1320, 1440, 1560, 1680, 1800, 1920, 2040, 2160, 2280, 2400, 2520, 2640, 2760, 2880, 3000, 3120, 3240, 3360, 3480]","[555.0274562410614, 999.6741779679502, 1086.790245944334, 1172.1216694031943, 1226.1561700050327, 1235.3613376865615, 1230.4884191229876, 1246.9459987432315, 1246.505529353114, 1269.081211270409, 1286.3669400621775, 1301.4800393706337, 1324.9575031128006, 1343.3876805732555, 1351.5570487487644, 1377.6157868113378, 1378.6263425818156, 1366.0401152084694, 1391.2348004969626, 1413.1999827443155, 1436.291317971659, 1423.568932528775, 1423.341542897447, 1416.6037108978783, 1429.8912876609731, 1457.289338816307, 1479.0369770887157, 1479.4154599285062, 1472.0915254322267, 1468.4040724918577, 1477.1352092743837, 1484.800025193258, 1492.5237511780858, 1506.9985686799896]","[15.932467156736905, 67.45584052540826, 74.29250848854971, 107.18738443499532, 119.19436240478234, 110.74668069697356, 197.20225757389971, 146.1456265955521, 139.37658322341807, 194.8709320035151, 184.0535984968306, 307.3101268180396, 260.29794819340475, 265.93071112629036, 270.2284377318737, 372.47424661237983, 342.96419115836807, 370.96574280570104, 452.39840130933857, 463.7983491224455, 445.7716576749828, 442.2922343915542, 487.15495801344775, 512.8311087303102, 524.0090470975939, 576.2774873295375, 618.1019145941909, 623.8003633319304, 576.4082798369071, 592.5717504466329, 647.5519279767153, 641.5507878048948, 680.2104630050637, 696.950392499758]"
425835370C1FBE178C21CB53C76672F12BDE091A,2020-03-09 01:50:26,"[60, 120, 180, 240, 300, 360, 420, 480, 540, 600, 720, 840, 960, 1080, 1200, 1320, 1440, 1560, 1680, 1800, 1920, 2040, 2160, 2280, 2400, 2520, 2640, 2760, 2880, 3000, 3120, 3240, 3360, 3480]","[651.2946065438504, 1191.7162029531612, 1281.014239250554, 1366.1590340260002, 1430.8255047111893, 1465.0134083893438, 1495.954134771199, 1524.5796848541759, 1548.7507336888111, 1579.628821136868, 1624.1648672863707, 1659.6279598142235, 1684.6005338391155, 1702.9540467781633, 1682.0006993021948, 1719.1445915514846, 1727.926892764387, 1667.6089041755934, 1721.1879830024666, 1734.2305800278068, 1764.2624187589329, 1756.2389960654957, 1780.3972986083788, 1730.7992210693237, 1738.5477068898203, 1763.6556086543956, 1767.7304802843612, 1782.3098539074324, 1794.3557514836134, 1751.1776328838216, 1769.5943207402777, 1779.73409969642, 1794.9547387285193, 1826.2257759629008]","[25.207655873991115, 38.60788014287246, 79.81399914041772, 124.53616669295674, 214.7114302214327, 156.3204994242631, 198.18495976529636, 205.4548286184369, 311.5677540091409, 270.93098683368123, 332.4424595164731, 362.2548209098926, 364.2527570775745, 463.61428928439597, 434.74624067159846, 469.93823920508027, 578.3372231655263, 499.68056908571606, 555.7062070429974, 512.8691169668394, 591.5228340467461, 605.7036762312767, 643.7367450454209, 627.0440943428544, 595.1304038107564, 619.0761415067024, 624.1445179676634, 655.6049544287958, 722.4186494604445, 655.2488542776879, 642.3906411329059, 641.1554476924141, 657.387142445381, 692.7822571512226]"
5FB384605F53DCBF1CB02143D318DA3E8EE38A24,2020-03-07 03:33:24,"[60, 120, 180, 240, 300, 360, 420, 480, 540, 600, 720, 840, 960, 1080, 1200, 1320, 1440, 1560, 1680, 1800, 1920, 2040, 2160, 2280, 2400, 2520, 2640, 2760, 2880, 3000, 3120, 3240, 3360, 3480]","[511.59674665004917, 978.2295895673052, 1137.8780969355178, 1184.1017272551512, 1226.074041082525, 1261.9161749823372, 1261.3087355344517, 1257.3198673730878, 1250.4916736589676, 1247.6337399598608, 1248.4550524107663, 1238.875639709312, 1239.5239499404556, 1254.276418417969, 1258.809586332171, 1262.4706518176104, 1270.0692191602657, 1279.887185985449, 1297.3460588897021, 1301.3997615381252, 1306.5596156144672, 1342.3094189097433, 1345.7307371988759, 1355.8957604932366, 1337.6717466447346, 1343.1972856286427, 1331.2849514879688, 1305.8070745633015, 1318.5211085775736, 1326.1746392242303, 1320.503600042746, 1334.47417236465, 1346.4517955108354, 1353.425439080854]","[24.21107892068849, 119.6637199776067, 59.74274185120953, 116.77865740249528, 140.51623485917153, 185.13378591120855, 208.8246500671283, 195.83464535441504, 130.37542454648255, 207.2663755088216, 208.79602670009018, 199.1131405209466, 232.44081056617142, 190.55691114573762, 238.1954451215933, 251.16667382051193, 251.03243319426647, 256.01734138553496, 232.74066659314252, 283.30979638615065, 308.43841820065677, 338.07058208408915, 331.78555521061816, 379.74656364625116, 389.58893092195126, 391.2815009739912, 400.3633175312647, 384.1362550611691, 427.72293591844794, 448.9884708271053, 459.3061658132021, 468.9256273321876, 451.1637210603361, 479.9742148730579]"
5FB384605F53DCBF1CB02143D318DA3E8EE38A24,2020-03-08 03:51:29,"[60, 120, 180, 240, 300, 360, 420, 480, 540, 600, 720, 840, 960, 1080, 1200, 1320, 1440, 1560, 1680, 1800, 1920, 2040, 2160, 2280, 2400, 2520, 2640, 2760, 2880, 3000, 3120, 3240, 3360, 3480]","[406.96938887046394, 800.2073871076848, 939.310053214589, 996.1654599981648, 1042.784244148083, 1086.6235487824886, 1107.9516105979624, 1133.9605982443697, 1144.1499865760647, 1167.6857952543598, 1185.5280038688236, 1206.363793591406, 1210.8417042271826, 1233.2390531370845, 1230.856974675371, 1243.6921660409682, 1227.738133503862, 1201.8151842316606, 1193.3998911530339, 1192.432259891772, 1192.761674696724, 1179.3043924620004, 1206.8841855858727, 1224.8196069249805, 1245.7290982038196, 1244.0556174795695, 1258.3561311650142, 1270.072880444252, 1256.681227024518, 1216.7655296972594, 1223.3757409939005, 1210.3828412843807, 1202.0302683696927, 1208.1115977018803]","[19.991280080431224, 34.61572016679781, 119.93652780208525, 53.53569439251408, 129.81247027349949, 128.85547490426686, 170.15591662064534, 214.88090903330357, 172.96008720694383, 181.78792708220152, 262.05432304302525, 278.7112213022141, 288.7145133562297, 277.8067097565804, 326.03919796674586, 346.17019490989696, 489.49684295360566, 349.3944543833631, 332.96804556520954, 331.32106716916877, 320.50976221164865, 311.1976571014086, 358.60107852488244, 376.84429882197634, 373.04982966208496, 403.99940723538873, 413.0360777971856, 445.83953860326704, 485.928247256822, 361.3990475155413, 406.02045412189136, 431.0052969825438, 388.38936509343586, 407.51030263763585]"
5FB384605F53DCBF1CB02143D318DA3E8EE38A24,2020-03-09 04:50:44,"[60, 120, 180, 240, 300, 360, 420, 480, 540, 600, 720, 840, 960, 1080, 1200, 1320, 1440, 1560, 1680, 1800, 1920, 2040, 2160, 2280, 2400, 2520, 2640, 2760, 2880, 3000, 3120, 3240, 3360, 3480]","[661.9051990279061, 1313.3214325928154, 1565.4231333579496, 1688.629189287373, 1803.286896694408, 1901.061567597901, 1977.1418678584841, 2031.0877961379854, 2137.60426612541, 2182.122830682799, 2256.7982484398613, 2294.9637132166363, 2326.573294622999, 2345.34819124843, 2393.7574148788235, 2379.884815218813, 2319.349089784513, 2380.1192179425975, 2415.756667247073, 2424.6176517693752, 2388.552729361857, 2305.197027944103, 2230.990756952587, 2235.966831817198, 2260.4327833426705, 2269.871053899003, 2281.5219032144064, 2302.59807106548, 2309.605952860246, 2352.96818754203, 2374.952905757131, 2383.106537263533, 2398.960175151001, 2406.882740867587]","[25.798794269877416, 81.96391573022714, 86.06115567484248, 123.16378612730041, 199.54548396688148, 175.64512263121608, 238.0087014921949, 198.40120261105247, 347.04048401729546, 412.02948446814827, 341.39990058423217, 484.0144984083056, 375.8121560035769, 492.1260045624612, 626.2705102259789, 661.7703371092161, 664.2885346458294, 663.5333538234675, 750.0215170987431, 782.1087678946932, 777.0219883580453, 788.837238003778, 778.5619383738004, 847.4968304878768, 912.956664869577, 943.1263585250016, 953.7238451706712, 943.8038932071498, 990.7962410476625, 1012.4908483766416, 1059.2803219414322, 1082.9864856842823, 1145.796368364451, 1158.7541526616703]"
6E33D4101DDC6366BE477125068E3D5D2F22C747,2020-03-06 15:32:11,"[60, 120, 180, 240, 300, 360, 420, 480, 540, 600, 720, 840, 960, 1080, 1200, 1320, 1440, 1560, 1680, 1800, 1920, 2040, 2160, 2280, 2400, 2520, 2640, 2760, 2880, 3000, 3120, 3240, 3360, 3480]","[1213.8296851974137, 2427.4717462988115, 2915.3712466189377, 3037.291088645343, 3100.739500894654, 3144.3196553498615, 3220.3092174614967, 3170.449860952839, 3180.9596072906043, 3224.7895767394184, 3278.3801180805945, 3309.647712378911, 3316.1724639105223, 3352.846537456225, 3376.3549742785826, 3364.7761231423606, 3371.0295135594583, 3423.0862499056634, 3474.2588223440684, 3515.611685628983, 3450.746670037476, 3486.4884164697723, 3491.492330222212, 3507.7875444834467, 3487.1481748173996, 3540.975169279906, 3555.833027161647, 3600.9592478194136, 3519.1825667859857, 3533.3228483900652, 3497.866172355348, 3502.125648396419, 3482.2471742775474, 3496.1810865980187]","[56.718191004564986, 89.08384090375317, 237.1814315961612, 209.42505006365653, 426.6393846155248, 389.5850755492991, 434.7044020889585, 443.4629158634047, 389.24927819961033, 544.3363165200259, 457.27533538812725, 588.3357437487483, 621.6564606401823, 604.0536566650136, 722.7389344269535, 668.089796933906, 713.0237906076088, 753.2851958729885, 746.0486641952469, 1057.1641659552968, 782.5891809198969, 858.3299508959373, 866.4895181817967, 996.2081428008952, 1032.2145604672662, 1073.9411622653456, 961.3874054743748, 1134.498658082246, 962.3653778691323, 977.3878944398635, 1011.348850638159, 1128.730869066015, 1096.0535280122108, 1032.5506013408014]"
6E33D4101DDC6366BE477125068E3D5D2F22C747,2020-03-07 15:50:57,"[60, 120, 180, 240, 300, 360, 420, 480, 540, 600, 720, 840, 960, 1080, 1200, 1320, 1440, 1560, 1680, 1800, 1920, 2040, 2160, 2280, 2400, 2520, 2640, 2760, 2880, 3000, 3120, 3240, 3360, 3480]","[483.449109461937, 926.9319567307781, 1063.774881223552, 1134.2374152368118, 1181.0686498622674, 1210.3732378988327, 1236.8823436820546, 1224.6168670965274, 1221.820072945074, 1235.6039233999197, 1263.7479363372106, 1283.4196875090636, 1311.4374309720333, 1341.8936780080924, 1367.4109983839066, 1386.290327547735, 1417.0333997479688, 1396.1626921870243, 1411.182336712547, 1423.4279301911854, 1443.5881303720798, 1478.528993341893, 1491.214086908767, 1512.9809517025374, 1496.3607384527425, 1494.4801008070008, 1500.1486979655735, 1515.8427815089685, 1507.6675981454162, 1430.7779873802708, 1424.0262537683261, 1440.1578658209148, 1449.2209221847922, 1460.705066769352]","[23.987495276430398, 70.55995566838249, 115.15878902078565, 74.64034201636807, 129.7999979970748, 160.6059684188871, 158.05757785712046, 149.8314652759881, 214.41083722563215, 168.85243501037576, 198.66476590874507, 304.9571736145902, 246.85802694701295, 306.5174093813943, 322.00313532680315, 292.3782032845457, 424.6840808699339, 344.6260042153003, 515.1004688481063, 459.52157721294725, 443.10929757770583, 534.5966753763307, 541.3995827862454, 628.2154773361062, 609.6767100065591, 647.3857485741437, 653.7484442335939, 692.5357615096636, 759.4530028582133, 601.7057171020609, 616.5632428553299, 648.7245191361574, 689.1952500490013, 698.8072756038869]"
6E33D4101DDC6366BE477125068E3D5D2F22C747,2020-03-08 16:49:53,"[60, 120, 180, 240, 300, 360, 420, 480, 540, 600, 720, 840, 960, 1080, 1200, 1320, 1440, 1560, 1680, 1800, 1920, 2040, 2160, 2280, 2400, 2520, 2640, 2760, 2880, 3000, 3120, 3240, 3360, 3480]","[488.1272440195097, 947.4584860559909, 1116.8356266819378, 1201.9329548804633, 1253.5460272515602, 1306.8421417532904, 1330.3842732443434, 1334.1634600897303, 1362.4653682995643, 1403.886689898571, 1415.793253897036, 1439.4038302822235, 1425.2201827351296, 1430.0456467548279, 1461.600635650819, 1456.2058206186584, 1450.121129280963, 1464.915494693604, 1486.6795852990153, 1487.8102791534484, 1448.9359754401464, 1446.258417496794, 1437.4634675724487, 1433.3938855987524, 1459.7724760747546, 1466.5199479236662, 1475.1729333841909, 1463.2537852299345, 1480.2304643565271, 1501.6333577425216, 1525.871806462016, 1564.7656729977973, 1567.9297477482537, 1556.213472347025]","[27.935387932673155, 47.41915391349358, 80.65494119196705, 101.4360574756505, 170.5140881128796, 129.52647226744483, 274.0573829738071, 267.73202413030924, 289.963564610949, 266.807645691513, 305.21437301473185, 430.47957077658737, 361.20911568697136, 352.9161186617867, 457.74922478935355, 393.47784902549915, 479.43494849120225, 639.5331666027571, 574.8669861769528, 594.793178115489, 558.7588577111927, 557.6189028209501, 587.7078597031052, 610.1037142992772, 654.8053682754093, 648.9724075881172, 679.2878930295315, 707.6976217270077, 709.1579537110575, 737.9702020667104, 822.1783730024969, 854.6909810000398, 817.9790752617744, 818.9804913349847]"
7E281CD2C315C4F7A84BC7C8721C3BC974DDBFA3,2020-03-12 13:19:24,"[60, 120, 180, 240, 300, 360, 420, 480, 540, 600, 720, 840, 960, 1080, 1200, 1320, 1440, 1560, 1680, 1800, 1920, 2040, 2160, 2280, 2400, 2520, 2640, 2760, 2880, 3000, 3120, 3240, 3360, 3480]","[801.5984966452042, 1348.8133885128977, 1558.7147862474542, 1670.2433508143106, 1717.2898483600532, 1723.073530371084, 1759.344136967675, 1786.2189034783075, 1805.9250229251345, 1792.1303846070105, 1838.8775779370308, 1847.0229003163051, 1876.211692062501, 1904.448729772616, 1922.3516694540233, 1927.812008142858, 1950.7996854375674, 1948.2375840951806, 1959.2742526348184, 1926.0833982677802, 1967.1077575929205, 1970.0091183347156, 1988.6200313595377, 1997.0843351787255, 1997.858649153049, 1916.1828533753703, 1930.8501641160037, 1943.9963582930802, 1949.861314405912, 1956.6594564986492, 1968.1225203731967, 1959.780396704873, 1910.13911409308, 1903.6189866259683]","[47.08301247399047, 63.12352475031049, 130.37895161564683, 168.58261615086693, 317.14967805934924, 166.1908570550074, 278.13052511169155, 289.968545923665, 322.11750828232863, 508.0693470784953, 355.5064200601755, 477.95044486696156, 537.3565330060719, 479.8324000560018, 803.9415048116111, 725.7748811932103, 668.2536343022877, 738.7159759098832, 762.7313174362563, 729.8898009303706, 915.2994859243469, 872.092815944759, 879.6040407217524, 834.8615320219956, 946.7221042091505, 951.331366053822, 953.3393428461573, 966.8800400398791, 1023.4229995122034, 1016.6361641957833, 1043.2943676741195, 1038.590191444095, 977.745645646063, 964.8855208230881]"
7E281CD2C315C4F7A84BC7C8721C3BC974DDBFA3,2020-03-14 12:32:41,"[60, 120, 180, 240, 300, 360, 420, 480, 540, 600, 720, 840, 960, 1080, 1200, 1320, 1440, 1560, 1680, 1800, 1920, 2040, 2160, 2280, 2400, 2520, 2640, 2760, 2880, 3000, 3120, 3240, 3360, 3480]","[1248.8529104888805, 1829.939783287059, 1995.939930968337, 2149.1705528880075, 2232.926334839487, 2270.2147138652044, 2315.748282474505, 2347.8096812525782, 2365.9262803459897, 2434.978096230055, 2472.7680412297996, 2491.0439796124338, 2501.5933261723976, 2491.655765659038, 2572.2383861730077, 2477.480428488715, 2552.958312267077, 2578.091827206546, 2588.128411171117, 2531.249229541816, 2518.040546668743, 2568.329417985484, 2514.3389329818338, 2551.952410721922, 2515.617576590518, 2508.872486105109, 2402.2306258947383, 2441.0161275401174, 2479.703513670243, 2465.763789521593, 2460.8599218624904, 2474.8025395978025, 2467.498460562964, 2451.0886467077476]","[144.59458507169157, 170.8491048816011, 240.15770070533455, 305.74992599465776, 399.514006562695, 393.93961486938724, 302.7058274956643, 534.2170662025694, 648.0073721567958, 538.6838688611791, 606.7274793165572, 609.9089162735185, 745.2802042292483, 735.2030011442758, 833.4201236722873, 865.7541491637356, 1023.322668258321, 1075.7483785153295, 1178.3011005973535, 1132.9896320548805, 1150.4414544465176, 1305.1379447813179, 1133.5397736405362, 1178.8368706698448, 1208.7656693440933, 1121.744447376791, 914.4449266554333, 902.5446841337193, 1040.0790498839701, 944.4214125513001, 920.1057895067747, 953.475979737075, 1005.4552808828886, 1053.1986477291723]"
7E281CD2C315C4F7A84BC7C8721C3BC974DDBFA3,2020-03-15 14:38:17,"[60, 120, 180, 240, 300, 360, 420, 480, 540, 600, 720, 840, 960, 1080, 1200, 1320, 1440, 1560, 1680, 1800, 1920, 2040, 2160, 2280, 2400, 2520, 2640, 2760, 2880, 3000, 3120, 3240, 3360, 3480]","[733.1420151597955, 1238.8241436282024, 1421.4037881729625, 1490.9164727696175, 1553.7998535412783, 1575.4831669593045, 1587.0778646068186, 1584.8812953375336, 1580.565981106953, 1571.204852608294, 1596.0008906059295, 1610.7316224097685, 1595.3862378773952, 1627.4042378926515, 1601.9852410837645, 1641.6454848587832, 1625.2645163009736, 1643.1205038105627, 1647.3386907066465, 1647.6856449653137, 1621.1828079441852, 1678.4456397206184, 1675.9426440626048, 1657.472318647535, 1663.8459216827378, 1670.4497766963204, 1684.3282736013007, 1695.5654629965718, 1655.09446987404, 1655.7449621178787, 1673.303929625846, 1673.613981573653, 1671.9764286237591, 1657.5876263554076]","[45.661173355320265, 117.75805890718107, 107.91336655160077, 159.95627348199406, 175.45330127345838, 133.26824224054022, 155.6367926322553, 138.91688797578155, 158.1863982310259, 169.56033076777808, 262.09836829319073, 229.06425989731073, 240.11485582113357, 281.017545187065, 277.4657244704128, 402.73235855772214, 347.0626805904727, 312.2251935864155, 352.1385904954546, 337.80519566625077, 348.05946206791293, 455.3279954663105, 430.3808238773501, 389.5795166482909, 401.4512229250016, 396.6673742741974, 444.9533521170164, 486.72983239407137, 430.85991870882555, 443.27126966296845, 471.18727392146064, 451.4163700390244, 469.3022927359517, 471.0949540603883]"
8EF052033309D854D6206A4C30F17AD27C87893E,2020-03-13 01:20:09,"[60, 120, 180, 240, 300, 360, 420, 480, 540, 600, 720, 840, 960, 1080, 1200, 1320, 1440, 1560, 1680, 1800, 1920, 2040, 2160, 2280, 2400, 2520, 2640, 2760, 2880, 3000, 3120, 3240, 3360, 3480]","[535.1189261219755, 896.4260642936785, 1021.5829989014179, 1039.5471986435396, 1090.8025190579717, 1139.908201473078, 1169.9421832891962, 1201.2893254482603, 1221.1148655054253, 1236.723108301293, 1276.5025551841136, 1274.3326247372422, 1275.2017437585798, 1269.1844561711077, 1271.3831578279453, 1283.3631227197832, 1284.6838541087066, 1302.4450949472111, 1312.26461362227, 1331.1345759096196, 1337.229329809085, 1344.8394036819702, 1344.3861696870745, 1347.1315617946748, 1362.9162127456545, 1365.8028535930916, 1359.8342967157953, 1342.253104154199, 1345.1334024396997, 1350.0528866433428, 1362.7147331447625, 1363.111526855474, 1366.9058109965622, 1367.0052628650142]","[34.124306409866925, 71.86656813316169, 111.79017062458998, 54.42841765403603, 98.07979542875022, 131.04810779191192, 99.15000258784333, 169.8896283906438, 128.45715631813175, 145.5434718528953, 183.691732592708, 149.7909752048675, 261.6816854957884, 203.00362318841542, 196.0818012500955, 234.56659432387173, 263.58733275592795, 243.23752548977, 226.85316484876978, 236.7313488921471, 318.6374297957149, 313.7649702042193, 283.6379220514375, 342.48535150323255, 318.0650051325581, 275.1165848337509, 288.92653841286574, 305.29192914643517, 344.08407507849097, 316.94462485993944, 330.96423021103317, 344.0322025106331, 343.91187358434485, 344.7878231062339]"
8EF052033309D854D6206A4C30F17AD27C87893E,2020-03-15 00:33:07,"[60, 120, 180, 240, 300, 360, 420, 480, 540, 600, 720, 840, 960, 1080, 1200, 1320, 1440, 1560, 1680, 1800, 1920, 2040, 2160, 2280, 2400, 2520, 2640, 2760, 2880, 3000, 3120, 3240, 3360, 3480]","[504.9097072293515, 853.5003015490003, 948.2846013086578, 1018.769014076025, 1055.880566499504, 1095.4060181885786, 1110.4040595772356, 1119.2080273569989, 1119.9487179557948, 1128.4251934326928, 1143.1126140859808, 1154.4113659916063, 1154.894975726164, 1150.5360293478839, 1167.636961681625, 1147.3441895203707, 1155.1817497055606, 1176.5769511816159, 1183.6317905229907, 1189.5439802482665, 1194.2542877597082, 1204.7167666728003, 1213.2106397375817, 1207.7208583400106, 1203.1145009354868, 1226.2083986117882, 1248.348099395615, 1275.3846831706344, 1308.0685361237672, 1352.3303766070426, 1386.7862182452761, 1413.8568646538006, 1465.0798601484958, 1492.2034878049237]","[43.655200334767386, 55.0299047410336, 49.27697552457087, 69.09046998151034, 88.90501010323399, 88.46515134726606, 107.01739687344647, 117.27522262024118, 122.46666244833973, 107.42351347153331, 112.9332812730509, 203.4670474077085, 193.21816998459323, 138.08822357438567, 177.51069221597447, 203.31287412060902, 187.09284457449473, 217.48799085936702, 244.13994045633933, 220.54560119254722, 268.9294796484733, 268.2769925199212, 253.19202044056854, 247.6780250786057, 287.8812167534812, 321.57004271464575, 396.4212708477012, 525.3483497908258, 636.7680105616108, 761.0381095398302, 930.638547126131, 1081.6663381886963, 1273.4032296802402, 1410.7727807631431]"
8EF052033309D854D6206A4C30F17AD27C87893E,2020-03-16 02:39:15,"[60, 120, 180, 240, 300, 360, 420, 480, 540, 600, 720, 840, 960, 1080, 1200, 1320, 1440, 1560, 1680, 1800, 1920, 2040, 2160, 2280, 2400, 2520, 2640, 2760, 2880, 3000, 3120, 3240, 3360, 3480]","[625.8287493051014, 1041.1598703828802, 1168.5779174343716, 1235.28969142048, 1252.9064115163612, 1268.198666069596, 1273.1025012331638, 1275.7173426865413, 1288.5359594768581, 1300.250429676635, 1320.8494888771177, 1333.8628691366116, 1333.7220226199267, 1373.7101108378606, 1360.6042428033406, 1385.9730447297013, 1398.3073331415274, 1405.166123369276, 1416.657346062385, 1416.0430285579184, 1412.2818917547338, 1427.188494157897, 1445.6008869704801, 1440.0376189413666, 1430.0107825904838, 1438.0292766385019, 1467.7620735280705, 1465.872721380796, 1461.052133370898, 1474.8476694048297, 1486.1512953057888, 1493.1194974679063, 1487.9162094064693, 1469.9201746558504]","[36.55664772014639, 62.25117221328653, 78.63430568130649, 147.21900837446856, 148.02863438680905, 189.9399226506989, 174.24200918994183, 198.68119819028487, 165.51417233091405, 164.80799402567592, 307.5561457630945, 229.7626264400986, 328.7063952047623, 362.7791488283219, 326.4702164479729, 354.10990668273996, 401.70685933515716, 329.5303435023436, 378.197024813929, 373.9012362196241, 426.1562669137743, 444.5831618642373, 418.8490129756747, 417.1022207734662, 447.83902323011506, 440.76015903024046, 456.4748812303758, 486.77247519409565, 464.30051228234413, 467.20434854886537, 471.6344987039655, 503.45204823296416, 498.20466358648133, 494.38832186065724]"
9B2BC7EFD661072AFADC533BE8DCF1C19D8C2DCC,2020-03-06 18:32:28,"[60, 120, 180, 240, 300, 360, 420, 480, 540, 600, 720, 840, 960, 1080, 1200, 1320, 1440, 1560, 1680, 1800, 1920, 2040, 2160, 2280, 2400, 2520, 2640, 2760, 2880, 3000, 3120, 3240, 3360, 3480]","[1306.6323571898893, 2631.19410793295, 3103.369198330592, 3240.131220736929, 3442.932375906339, 3611.6396647987353, 3748.6779735929576, 3823.1523151804727, 3921.056686955823, 3974.3787976464455, 4075.3893916494685, 4144.418182827182, 4177.091414856923, 4309.4484497771255, 4282.745085581129, 4335.896072188714, 4303.389209304305, 4440.256375344297, 4562.912214947434, 4505.595176052361, 4512.23160761957, 4614.935009595487, 4654.438076018484, 4653.839080695838, 4679.46941408052, 4723.669649679672, 4699.530573832755, 4551.20941072467, 4500.206667102112, 4542.163177817441, 4546.743868653721, 4609.185800833188, 4564.067258520265, 4530.537791931578]","[90.0149846152911, 272.44523618491286, 131.0470083740898, 339.6067864627621, 395.6217901122083, 336.28330652966577, 522.2434138590836, 633.1132118514588, 536.1580297234341, 663.4081458025895, 776.73269821335, 948.7077973494934, 1130.565533953049, 1335.141247714239, 1194.2825051654975, 1353.6517381218805, 1113.7994198571284, 1369.9529118811247, 1557.7955349601125, 1521.8354495883038, 1980.6556228801535, 1620.314394567544, 1946.6322632289107, 1776.039531440312, 1726.5979192032278, 1839.3015120882058, 2048.691443432665, 1748.4264297579539, 1521.1060492299853, 1655.566792002412, 1820.9490527271284, 1703.1379735838432, 1857.7755952281373, 1772.6898940949852]"
9B2BC7EFD661072AFADC533BE8DCF1C19D8C2DCC,2020-03-07 18:51:02,"[60, 120, 180, 240, 300, 360, 420, 480, 540, 600, 720, 840, 960, 1080, 1200, 1320, 1440, 1560, 1680, 1800, 1920, 2040, 2160, 2280, 2400, 2520, 2640, 2760, 2880, 3000, 3120, 3240, 3360, 3480]","[364.23784779718807, 700.9834521235189, 817.3089945296598, 860.2092317523837, 903.3284575025251, 930.6822664491704, 944.380383747275, 955.4110525664998, 966.576225118839, 992.9159695558275, 1049.3524504827262, 1080.6050927693568, 1144.0415217724794, 1174.8129099549024, 1193.5300111980134, 1228.5993317445946, 1270.8128692361468, 1237.5870521247123, 1222.483926173663, 1263.3987767116944, 1278.8593527947735, 1310.4540564808963, 1358.9939080043891, 1356.116877762752, 1359.6813273716527, 1384.4430267943787, 1398.782880356423, 1426.6886231227566, 1459.1042027084359, 1426.9309407165151, 1331.2542560020063, 1300.3383769225077, 1282.7497189098274, 1297.650116187942]","[13.100093354182805, 46.92247427067353, 30.398249359506284, 49.9256671152918, 97.83323708841583, 143.99144767420384, 119.19708272321846, 116.65678022277882, 122.77338335467896, 142.547425037953, 234.8053581640059, 283.4468727479399, 323.96263609783466, 407.19802835080867, 412.874240126208, 504.0088544355353, 565.4752899823909, 631.6305033764656, 615.6811998270657, 693.4952295565658, 682.0209227087059, 726.0937502243094, 839.6287973960675, 823.8036598166802, 898.987281100079, 922.864302798155, 986.9914426642446, 1057.9918967942272, 1160.9459367096995, 1168.9003167490125, 993.8417152346332, 1005.9768761657945, 1036.8286359344968, 1077.7940490126757]"
9B2BC7EFD661072AFADC533BE8DCF1C19D8C2DCC,2020-03-08 19:50:10,"[60, 120, 180, 240, 300, 360, 420, 480, 540, 600, 720, 840, 960, 1080, 1200, 1320, 1440, 1560, 1680, 1800, 1920, 2040, 2160, 2280, 2400, 2520, 2640, 2760, 2880, 3000, 3120, 3240, 3360, 3480]","[638.9721821081469, 1236.1760602343015, 1470.4099640290858, 1655.5138647035808, 1806.7139501461215, 1882.4222300516037, 1918.3602793024554, 1949.2250636398633, 2027.6841706153086, 2014.763984139432, 2032.7941146260384, 2005.3197701571416, 1980.0658641392763, 2019.7235793639072, 1997.3942665687625, 1970.3112440446641, 1984.413565421601, 2096.9497969725753, 2088.5583581493206, 2077.6131114969435, 2110.171516143835, 2149.9038720669582, 2177.3856447417616, 2145.1749427298005, 2135.001343542313, 2097.0053557184706, 2056.5206535232373, 2051.8092050077485, 2085.5434760437965, 2106.7907966709236, 2149.8785441832088, 2205.277710696114, 2171.6011327046704, 2222.0845000975764]","[38.62220302794138, 63.56212667464903, 99.70107512151193, 173.10232805647422, 233.20908479881507, 264.640302533835, 255.68624728587892, 468.4253620310483, 414.47272240773174, 403.7960138456242, 567.3589534925312, 415.499466302711, 489.65014016070603, 504.15272343000316, 568.3786340122201, 450.5250606342873, 659.6408740469112, 685.469010352618, 605.9993725068116, 644.8523106825794, 669.241487730564, 678.635345924158, 822.5980429258377, 747.8093916282464, 924.4519045754892, 770.6567263881187, 675.0124545920847, 787.3289360315231, 744.3771651812976, 677.6652349179113, 676.6664291534069, 723.3675340165788, 747.6082480233679, 845.9321711583958]"
A3901DDB7799A11E9BAB90BD1DDA734DBA196337,2020-03-12 16:19:27,"[60, 120, 180, 240, 300, 360, 420, 480, 540, 600, 720, 840, 960, 1080, 1200, 1320, 1440, 1560, 1680, 1800, 1920, 2040, 2160, 2280, 2400, 2520, 2640, 2760, 2880, 3000, 3120, 3240, 3360, 3480]","[1351.7518473068533, 2029.1318691124245, 2257.360651811992, 2414.2551492146727, 2552.322546649223, 2672.9421175504, 2743.177177993659, 2878.513257744088, 2932.5805857863047, 3019.378134594818, 3116.824564149703, 3101.725152940141, 3144.387263245012, 3073.8521454263355, 3173.987708138409, 3197.1283069839706, 3239.9414027644457, 3290.3253009970863, 3191.1734406272058, 3226.80779434949, 3279.1949682512454, 3255.9200214539533, 3248.3160487858368, 3251.784096036085, 3315.171002899577, 3368.65733868713, 3416.1130680581223, 3470.0135788883517, 3450.410441796358, 3490.6889220339663, 3494.7108413330993, 3202.8932885843933, 3246.27640015803, 3293.2397673589485]","[168.70450859374063, 172.39555796129247, 254.03020363641048, 221.38844086834212, 331.69203376152643, 338.06245882552855, 304.83865955302235, 555.7417286052033, 451.4279597286158, 505.63414938105456, 763.3354507004639, 824.9040783367677, 923.1556187623265, 1084.7372121006495, 1091.10842523121, 1274.8739351662161, 1408.3495313631265, 1623.7588257646955, 1508.5411659020767, 1623.6571472351973, 1652.5825439011105, 1822.851790126766, 2009.9578670590558, 2131.4402556660057, 2117.80968634317, 2327.044406261879, 2455.377687393647, 2633.307436744711, 2690.7719060526483, 2773.9422333839857, 2775.246797403694, 2111.6474173693773, 2150.1177791686328, 2218.942734906083]"
A3901DDB7799A11E9BAB90BD1DDA734DBA196337,2020-03-14 15:32:50,"[60, 120, 180, 240, 300, 360, 420, 480, 540, 600, 720, 840, 960, 1080, 1200, 1320, 1440, 1560, 1680, 1800, 1920, 2040, 2160, 2280, 2400, 2520, 2640, 2760, 2880, 3000, 3120, 3240, 3360, 3480]","[1315.5904391708866, 2135.2062285331895, 2279.4614448902857, 2376.603754868053, 2440.8108735781243, 2482.2000730410427, 2522.901754021449, 2511.5543167852456, 2564.839133299649, 2580.193711021448, 2635.3876465586536, 2674.6415533044346, 2695.4287079124497, 2790.5144495168865, 2765.2539948351236, 2832.9711749098524, 2758.3713587129923, 2748.356406869167, 2798.8203498003663, 2814.139555228678, 2824.4384517468334, 2920.5232538363284, 2929.377592629263, 2906.612073259477, 2946.90596389905, 3006.3675942928853, 3046.3083653519748, 3041.5034896398593, 2932.0441151337427, 2959.7450976415075, 2911.248570933171, 2900.652884875751, 2918.7476343548187, 2922.512699366103]","[121.87334664890257, 96.70875721747582, 137.80028118480482, 268.87367755515226, 260.7916260932816, 297.9147094960003, 374.5609240334078, 383.23468198048727, 463.0270168814213, 423.6869530951183, 445.50851575146, 544.3629720976179, 581.8873220499843, 812.1198364616965, 874.5683167091354, 918.1669014332588, 857.8224327581435, 949.2287812669756, 960.4037667260501, 914.7797851474432, 886.2263389891624, 1098.655127574195, 1075.8057649166126, 1186.8876427873274, 1372.02682971164, 1323.6962626927204, 1424.2621290076806, 1602.034850520148, 1414.0065451709415, 1417.1120105435095, 1397.837829565947, 1359.7486471000511, 1412.5157552243477, 1493.4638552646984]"
A3901DDB7799A11E9BAB90BD1DDA734DBA196337,2020-03-15 17:38:52,"[60, 120, 180, 240, 300, 360, 420, 480, 540, 600, 720, 840, 960, 1080, 1200, 1320, 1440, 1560, 1680, 1800, 1920, 2040, 2160, 2280, 2400, 2520, 2640, 2760, 2880, 3000, 3120, 3240, 3360, 3480]","[1037.151502014421, 1629.730694312661, 1807.0299522959044, 1980.8291740341474, 2035.7865715467797, 2086.900974649345, 2093.4379375808103, 2102.9940743852467, 2132.737269062963, 2152.359350837665, 2233.85564086877, 2341.81330148896, 2436.355002808093, 2485.378017774299, 2618.4891062322063, 2654.6756867175636, 2696.182371661708, 2645.98314976272, 2701.830109466782, 2761.4842832148265, 2754.290303926894, 2861.974540979522, 2809.9286549871613, 2893.7335443703587, 3041.68131515836, 3113.445104654272, 3173.6085265353777, 3192.9525463581244, 3251.0807641816205, 2881.582224328641, 2895.255147618937, 2949.6096622445216, 2995.7511782925603, 3048.3198172365446]","[158.33292636761362, 133.80210331965228, 121.15733773172741, 290.22397810072397, 261.8625901418299, 247.1476012583301, 311.15892985864457, 301.80872270104896, 296.780326393591, 324.4935149577747, 578.2940885555819, 803.6385470516891, 870.0636491972095, 1058.3524328022054, 1486.2518836593488, 1878.591110106562, 1880.995495525535, 1767.5510801609523, 2137.823117662719, 2301.9933319626507, 2514.6745268993163, 2813.659116993377, 2881.051844837201, 3086.9509051023892, 3558.734139707741, 3802.6933175904337, 4031.8424702154857, 3952.0192023060363, 4266.942220158142, 3255.30582062382, 3397.0268814678543, 3581.346810070752, 3793.782261418055, 3910.276872474873]"
A678DA60A6C7CB746553430D84AF45272ECDDA95,2020-03-20 01:47:50,"[60, 120, 180, 240, 300, 360, 420, 480, 540, 600, 720, 840, 960, 1080, 1200, 1320, 1440, 1560, 1680, 1800, 1920, 2040, 2160, 2280, 2400, 2520, 2640, 2760, 2880, 3000, 3120, 3240, 3360, 3480]","[571.3536748995607, 949.8606359643436, 1077.8149344903047, 1163.4693884733585, 1243.894803592425, 1289.423809546494, 1335.9770603313318, 1378.8110029650582, 1397.5478787888112, 1436.4597727019589, 1502.125034735111, 1554.8323909172987, 1618.5056593914335, 1619.2582412261825, 1681.1849139627338, 1726.3233142864988, 1732.7678555107964, 1736.8396894990026, 1761.3885833809688, 1787.817141853516, 1845.128771296801, 1908.079632120066, 1874.877442347981, 1915.969398808156, 1962.1407692241971, 1973.052110752779, 1991.7415123008, 2029.6027037653562, 2010.283232138949, 1966.8640388919655, 1992.6505868310435, 1962.254448021252, 1991.4451857226093, 1996.8104228298102]","[49.43301121102901, 138.6079456628416, 116.68204934165044, 198.80142230647624, 142.59756807750276, 326.960852616983, 165.64247805232137, 304.768206129378, 231.6670240325109, 221.74058595579228, 397.0102339914513, 314.7672986703277, 411.70973450548996, 468.1793283412202, 521.8109300506183, 453.6689092498978, 508.6130591837662, 552.788540125381, 627.0728604006315, 618.3651816670973, 636.9451727680976, 688.5523788730122, 721.972276418703, 709.4157598088176, 1033.137365786354, 902.1042483784238, 869.6209750260215, 980.0919865898588, 919.3655401308845, 875.2331492933558, 916.2483546815597, 953.062238438374, 1016.6465567363733, 1071.065295052965]"
A678DA60A6C7CB746553430D84AF45272ECDDA95,2020-03-21 01:49:05,"[60, 120, 180, 240, 300, 360, 420, 480, 540, 600, 720, 840, 960, 1080, 1200, 1320, 1440, 1560, 1680, 1800, 1920, 2040, 2160, 2280, 2400, 2520, 2640, 2760, 2880, 3000, 3120, 3240, 3360, 3480]","[1070.211899046509, 2017.3259007151903, 2278.21545261045, 2414.3337430143374, 2484.157390363424, 2566.4087799071344, 2582.080264469767, 2571.808524774942, 2640.726809907914, 2625.980028011599, 2648.4973207734797, 2650.810273567022, 2633.412863836589, 2736.9173283361897, 2699.174435955041, 2732.749672325366, 2758.758212508978, 2794.017328617124, 2788.609292767853, 2759.3824071930485, 2744.4939786498044, 2833.2149469489946, 2811.0953280325557, 2825.399528066022, 2712.262421268037, 2761.782980628615, 2787.1930609347837, 2790.243186183677, 2778.1620099986003, 2794.558468679727, 2822.409914658586, 2867.2844085129645, 2848.577913623546, 2859.6211862052774]","[71.36101000764914, 204.32305731448776, 102.78217765863467, 255.98328516574665, 322.0217497657637, 340.34568283094586, 245.4292942116589, 377.8462831231269, 396.7470728767414, 524.0677705489721, 440.886537416864, 389.5440543756621, 577.3469867993101, 561.7055124324165, 689.1244587978665, 700.742098508871, 729.5945153713805, 647.8513514917692, 629.5927392051744, 772.8956464196593, 822.8149887369251, 899.3023208150164, 819.2107888276942, 905.7491032756573, 786.4401640555972, 879.4360703848417, 857.121219126885, 840.7984772187929, 870.503879443882, 908.8346401593376, 944.2190207521736, 955.5017953095688, 937.6442514337828, 887.330664137192]"
B32B93C90DCAF0012328A8D55D621D26B186E11A,2020-03-07 09:33:29,"[60, 120, 180, 240, 300, 360, 420, 480, 540, 600, 720, 840, 960, 1080, 1200, 1320, 1440, 1560, 1680, 1800, 1920, 2040, 2160, 2280, 2400, 2520, 2640, 2760, 2880, 3000, 3120, 3240, 3360, 3480]","[588.740212905645, 1183.7709894438099, 1505.3129830412909, 1707.5333757431815, 1826.616580079579, 1884.0246806715618, 1893.4981240910063, 1919.7494472389594, 1923.6005245034469, 1965.0765817297709, 2028.196371922232, 2098.3316366906392, 2147.4864531918543, 2078.1727183855783, 2176.524258065468, 2229.1409545900965, 2203.39911112566, 2243.0938159579073, 2267.985192312033, 2283.57013140079, 2323.449581168203, 2291.0319743454706, 2303.533679442578, 2343.1280460606413, 2386.8536164097527, 2429.639917377395, 2377.4077521201857, 2358.6048891840915, 2375.2721577952875, 2374.351458020039, 2369.8069642626997, 2299.2449754888385, 2309.4726204369695, 2371.1389030031096]","[29.94307913979803, 108.00268562688504, 131.54372400148506, 240.7360721471894, 239.98075106916107, 159.83351627189663, 327.49231002705324, 302.8296198274238, 269.4807657918306, 418.3583426231304, 395.26225789249844, 482.59868108970323, 569.1358714267648, 539.8799544451525, 645.3790498159399, 686.2917524628973, 578.8711219440112, 645.526187440046, 654.1390659384083, 726.8085559727695, 826.4909913022909, 868.0513209615733, 871.1950053949687, 911.667424233402, 946.7561167613535, 934.129922299976, 934.8413570396151, 953.5477216421705, 1023.319504169642, 1039.6869425244806, 1107.1332842363688, 1076.6824785650374, 1110.939691784527, 1174.8873920570486]"
B32B93C90DCAF0012328A8D55D621D26B186E11A,2020-03-08 09:51:56,"[60, 120, 180, 240, 300, 360, 420, 480, 540, 600, 720, 840, 960, 1080, 1200, 1320, 1440, 1560, 1680, 1800, 1920, 2040, 2160, 2280, 2400, 2520, 2640, 2760, 2880, 3000, 3120, 3240, 3360, 3480]","[492.50712545644166, 984.2108154594544, 1155.0436436551356, 1240.0268319253273, 1311.257948768232, 1346.9183588638127, 1383.0992257272062, 1430.3369483085826, 1436.9604039987996, 1471.1375895216759, 1506.8468915321478, 1531.216359528173, 1568.577138939472, 1566.9941353973693, 1597.408616859005, 1553.8587032531227, 1539.048676258612, 1557.028550282417, 1597.25693911068, 1569.6337638959478, 1574.086666981574, 1601.904029583617, 1619.6614195447428, 1605.172966523205, 1624.6918625753794, 1595.7610067309015, 1585.8527733169915, 1578.8929419835429, 1583.5989455727313, 1587.8134632827143, 1583.7685134632145, 1613.789478716517, 1644.6628492160237, 1655.9199966896715]","[21.218666777156116, 34.466458759170656, 63.7967780572866, 101.55773236358094, 146.39956000112736, 123.5007780603527, 153.4359168794334, 165.47216008669216, 178.85772966889024, 166.0993322786375, 183.80886054228887, 194.12465825520246, 213.40574949274557, 264.8008189487222, 334.2091098242501, 332.77063078629504, 375.1088474776036, 407.18398200308974, 432.29312993220236, 438.9627532811913, 419.5309193028433, 478.86238567150775, 521.0134519091805, 498.74869272781484, 512.6811017616918, 513.1711931677473, 445.3722496135556, 485.13696261723965, 535.5649135207809, 504.743016532069, 491.78603072427273, 565.1097170299853, 599.6237444090514, 623.5228241191728]"
B32B93C90DCAF0012328A8D55D621D26B186E11A,2020-03-09 10:51:07,"[60, 120, 180, 240, 300, 360, 420, 480, 540, 600, 720, 840, 960, 1080, 1200, 1320, 1440, 1560, 1680, 1800, 1920, 2040, 2160, 2280, 2400, 2520, 2640, 2760, 2880, 3000, 3120, 3240, 3360, 3480]","[353.0990271647138, 717.4664177758846, 883.8083485756488, 981.715176755336, 1023.2586028286235, 1031.787468863115, 1028.2484689912812, 1034.5904395949167, 1039.8215590806687, 1056.236415570773, 1048.275005705802, 1034.9322937352374, 1039.7167069751254, 1041.1902609931624, 1036.801132912243, 1054.112152080514, 1069.8754787468044, 1055.6810694718356, 1048.896470158572, 1055.3984634483033, 1063.5298056965105, 1082.8075394471666, 1072.3744605083657, 1063.7514195090723, 1051.6083504215508, 1060.574226252673, 1065.1902966825687, 1072.3810587749012, 1086.3433214226245, 1076.027388405118, 1083.7924096038284, 1105.1551291648354, 1109.9430249781162, 1117.7114952006457]","[21.634311759368277, 49.88793433050946, 173.77836599168361, 109.63636119694613, 98.6651477318833, 162.3321570783299, 149.40617881722687, 109.05588057478299, 198.44286878161824, 153.43771114588802, 195.8704357867765, 162.55130130949806, 219.84331632488568, 244.91865924362975, 236.3769521729318, 201.38909374511985, 244.3856681671483, 207.04172921100357, 226.7563168772837, 263.8215942029812, 304.04913615168715, 276.48519883544634, 274.6141518311718, 312.45747318652747, 230.6858005901187, 287.30629554877845, 272.4714919239659, 279.81141120987047, 328.8408981370495, 306.34344929864915, 287.5228065959218, 308.6841167813951, 318.1112979602038, 348.7638345482249]"
B96B5141004995295FE87DCCE1A54519BD0BB48A,2020-03-06 21:32:43,"[60, 120, 180, 240, 300, 360, 420, 480, 540, 600, 720, 840, 960, 1080, 1200, 1320, 1440, 1560, 1680, 1800, 1920, 2040, 2160, 2280, 2400, 2520, 2640, 2760, 2880, 3000, 3120, 3240, 3360, 3480]","[1415.2292356035737, 2832.91209719106, 3346.964618059094, 3484.9900764437416, 3568.7533691731314, 3635.938053684483, 3657.8936772049024, 3664.3508322109233, 3747.0943723135865, 3810.4628062555066, 3857.0993150882014, 3928.298370697676, 3927.141079807486, 3960.0061404457842, 3969.983535411112, 4012.0351869375354, 3936.574034202963, 3935.8250126435346, 3940.260190488818, 3964.059086438527, 3929.3578498822817, 3889.81132366979, 3944.660089962461, 3999.923790420204, 3949.2165747533923, 3970.2267621303295, 4024.38901790676, 4052.153253648686, 4062.04423786788, 4094.468515827919, 4119.9662901771, 4120.074894037781, 4113.146202658114, 4140.6815658318]","[51.61625204684669, 178.36791028231042, 418.54501383224766, 278.58803300514796, 349.1973022719685, 372.04156410981534, 235.96949803806018, 456.210689615669, 579.7933280561332, 559.3553391108168, 446.16254614050223, 625.9421874569905, 796.7260034750633, 689.3735746171038, 817.9317972985565, 829.2416458744952, 826.6690879332424, 826.2231935599225, 907.5744545634253, 839.303515712011, 928.0596228077983, 871.6659224582453, 808.5288884838561, 923.1408452536671, 970.3820790761337, 1115.1885165970716, 1032.6684437965089, 985.9903607934904, 1185.2311255942936, 1125.0819271145347, 1221.1586867718322, 1267.6310806256133, 1261.395414402244, 1343.6908163414314]"
B96B5141004995295FE87DCCE1A54519BD0BB48A,2020-03-07 21:51:15,"[60, 120, 180, 240, 300, 360, 420, 480, 540, 600, 720, 840, 960, 1080, 1200, 1320, 1440, 1560, 1680, 1800, 1920, 2040, 2160, 2280, 2400, 2520, 2640, 2760, 2880, 3000, 3120, 3240, 3360, 3480]","[603.0404564117199, 1212.0811151628457, 1449.6669531388802, 1551.1882308019174, 1576.3281667674244, 1589.4812958797409, 1615.191841077041, 1616.8255210819034, 1613.543964591555, 1636.2883550108131, 1656.6318538667508, 1664.953746845329, 1638.0237242372714, 1683.392620895637, 1681.5369832856725, 1703.0549631566557, 1681.08755000389, 1700.6197635846236, 1686.4717007048725, 1715.7593506059382, 1689.7513279696482, 1677.0907495808526, 1683.704767619233, 1686.5447480315813, 1709.5957708723615, 1726.2409474330573, 1729.366594933937, 1736.244400711154, 1722.9190654882254, 1724.569672362808, 1735.889029122192, 1740.2634013921543, 1745.9851806663307, 1756.611926357813]","[19.089427376820176, 76.91055166268804, 110.95510961130095, 155.26562607004365, 120.6143894091805, 177.27749898789327, 254.33729864719882, 206.19969340064088, 208.9256925107717, 262.99006592924894, 288.46490542660536, 403.2138053299468, 328.76488869905137, 339.7241801456078, 406.89389763031187, 390.7442605155409, 405.63379170733515, 474.2486414465231, 533.5701081145451, 504.87189359024256, 490.0266227625209, 529.4147533733283, 534.5599472847738, 533.4628494025006, 550.535117681415, 542.2671415245528, 537.0865976554957, 549.6699308616645, 637.5398565535392, 547.2898137353014, 644.9311777904269, 629.5360122033742, 640.4065579453095, 651.9876544531245]"
B96B5141004995295FE87DCCE1A54519BD0BB48A,2020-03-08 22:50:11,"[60, 120, 180, 240, 300, 360, 420, 480, 540, 600, 720, 840, 960, 1080, 1200, 1320, 1440, 1560, 1680, 1800, 1920, 2040, 2160, 2280, 2400, 2520, 2640, 2760, 2880, 3000, 3120, 3240, 3360, 3480]","[552.5180873004947, 1094.4044457309938, 1290.5658523304726, 1375.92195486691, 1436.2943924721105, 1466.7879049643668, 1498.238493110289, 1511.3221918442237, 1515.7732776787857, 1557.9705798074297, 1602.1610915490521, 1650.672308230205, 1678.2483645293757, 1651.7873374927754, 1692.276606399397, 1723.1974854008286, 1770.9393699508134, 1787.8727966682893, 1891.9203600496792, 1999.3095194996893, 2122.762757326757, 2264.138930285903, 2417.3439006492085, 2629.646709084115, 2824.14152226504, 2968.858740497684, 3224.0734689589244, 3487.013403884949, 3755.4082999886177, 4005.3059955541194, 4304.239591813918, 4651.51348483133, 5035.959506255663, 5393.169148181452]","[21.199282935875093, 87.98045013229184, 129.97196838675868, 100.54179245198016, 133.78598683595712, 179.78383159448404, 149.78652516188328, 215.0415559662895, 209.2857973011713, 188.49273712092503, 302.7770635571951, 276.2133077951489, 380.3446959660431, 327.7111994469866, 388.17998436446425, 386.2859268624715, 490.86494987878467, 524.3110673107853, 660.9224674878699, 804.9298024879844, 1136.5050351049044, 1255.4799607355483, 1698.1162784028297, 2146.5174825914705, 2453.2552677469516, 3129.7602016480514, 3443.063288032839, 3794.816925201459, 4296.4224810394935, 4691.059090566844, 5128.870056245228, 5629.682187813758, 6083.506892502623, 6603.360093829238]"
C78AFFEEE320EA0F860961763E613FD2FAC855F5,2020-03-13 10:20:34,"[60, 120, 180, 240, 300, 360, 420, 480, 540, 600, 720, 840, 960, 1080, 1200, 1320, 1440, 1560, 1680, 1800, 1920, 2040, 2160, 2280, 2400, 2520, 2640, 2760, 2880, 3000, 3120, 3240, 3360, 3480]","[869.0412846527554, 1424.2587212225963, 1558.4996672238126, 1647.7095169642894, 1704.0325425113856, 1737.576134432519, 1754.1567153425901, 1776.0185315403862, 1723.1780526534071, 1762.3197256556375, 1806.631981576518, 1806.3391216689529, 1837.0411789066136, 1794.8483266567641, 1832.090522309575, 1872.2645352367767, 1835.741781461746, 1828.9438511486226, 1844.2827949112573, 1851.705700769153, 1883.8351297979489, 1854.0591531143373, 1866.2069213896202, 1891.6410538003895, 1868.0269400246216, 1873.057234037276, 1873.0761383729632, 1788.6224403733193, 1804.2887934673508, 1785.450740388862, 1778.3883111511127, 1772.360034749283, 1801.6764969868784, 1787.916638997476]","[110.92466490437378, 114.68819203670863, 177.67857620346425, 221.80809265117816, 291.52681763247097, 280.26944196184945, 341.71968402756846, 430.56577743306457, 481.0747773449065, 484.87199097545056, 466.99209734028057, 546.8914480144108, 593.1480959862918, 719.8061302923103, 701.1457177094999, 791.041636065664, 726.4964743387345, 788.7132124013979, 918.4755442985922, 914.7800926460322, 949.8169416585969, 932.5602250868228, 976.8914826614513, 1000.0325648969742, 941.9561108238084, 946.6415306987229, 934.1091118162177, 728.6213505693347, 751.9912324786216, 743.565371765552, 744.9386369372564, 698.0101271513506, 813.7086339813213, 757.084530167261]"
C78AFFEEE320EA0F860961763E613FD2FAC855F5,2020-03-15 09:33:34,"[60, 120, 180, 240, 300, 360, 420, 480, 540, 600, 720, 840, 960, 1080, 1200, 1320, 1440, 1560, 1680, 1800, 1920, 2040, 2160, 2280, 2400, 2520, 2640, 2760, 2880, 3000, 3120, 3240, 3360, 3480]","[1016.0194424766788, 1588.7827756075533, 1720.6669624735935, 1839.4854571445887, 1882.328272851811, 1928.7264470972204, 1967.7749246132003, 1978.755732525628, 2025.308714246091, 2007.1043670362615, 2012.5669031942573, 2000.3264674980437, 2021.700371529837, 1971.6041346771276, 1983.211978716252, 2010.339590095231, 1991.5485424275435, 1920.2521247975674, 1936.6540680847215, 1928.4335313556005, 1907.1066973151967, 1921.9733720277754, 1888.6003567128741, 1878.1074444566896, 1887.2971854656396, 1904.4709343580153, 1997.3540095740339, 1982.3963653521448, 1976.2781708606194, 1974.003872764266, 1931.130281790838, 1934.9925280061677, 1948.9225265520934, 1944.906464774997]","[42.674109331849756, 107.6067635750112, 253.62362274051574, 179.62770676435014, 403.30096492940453, 430.2770486873288, 441.7956480145814, 509.4537717131043, 590.9182014031711, 758.0046891959192, 638.6128677856983, 786.2909206478138, 774.4568451807012, 684.1506487290735, 789.7830575713751, 731.4048601981275, 754.310577042356, 646.6871394554933, 751.22652436876, 766.3964839032644, 618.620306430131, 625.1775149249323, 557.3552374326121, 584.8655174613917, 617.7099069744487, 637.6355185484838, 713.3318081052167, 679.4728074842905, 744.2305383560048, 671.1328126702666, 628.3293795426993, 630.8448296678856, 682.1108705560509, 682.0054913826765]"
C78AFFEEE320EA0F860961763E613FD2FAC855F5,2020-03-16 11:39:38,"[60, 120, 180, 240, 300, 360, 420, 480, 540, 600, 720, 840, 960, 1080, 1200, 1320, 1440, 1560, 1680, 1800, 1920, 2040, 2160, 2280, 2400, 2520, 2640, 2760, 2880, 3000, 3120, 3240, 3360, 3480]","[1253.5753250416387, 2019.2782824141195, 2266.588700224016, 2395.90885225782, 2513.239629293018, 2588.4742362273787, 2631.3685645646174, 2635.1414688994637, 2652.483983606865, 2623.180673294661, 2644.9191326461128, 2616.3376627781845, 2624.4621351887995, 2695.2330896266258, 2635.828354687393, 2688.6513327170733, 2633.705334989355, 2619.3004218471992, 2636.7198635283885, 2674.741213042752, 2649.1470911884326, 2665.5585007862574, 2702.270088630444, 2631.3649853026154, 2614.624471240395, 2609.306068343095, 2615.6441207637204, 2605.4069502854363, 2548.441585952815, 2542.0141019066255, 2565.776228172004, 2587.0874256728516, 2596.290025515269, 2620.9749193254515]","[100.64988437291899, 95.54823952066639, 257.4352235647111, 182.50280800661417, 341.3266563043158, 365.2831744435068, 302.107235280555, 447.3371601653349, 429.9932771458229, 491.86309301721275, 482.0935061383807, 455.4677527187693, 591.119794195336, 747.6895376191874, 733.9807560742026, 674.5838013053334, 729.9743195836536, 779.5712075448863, 744.3847964524402, 728.4303414215977, 765.0601567686307, 850.2377392045973, 872.692968085099, 831.9570796258457, 791.1839728693665, 869.5377609531694, 892.2242608687618, 871.3276328177463, 891.8113176211839, 873.7814250691649, 901.260839556659, 988.8329384002024, 860.9995075697595, 902.5017289133027]"
D1C5F5F8FAFA2F98A84753416BF83B83F1282137,2020-03-12 19:19:42,"[60, 120, 180, 240, 300, 360, 420, 480, 540, 600, 720, 840, 960, 1080, 1200, 1320, 1440, 1560, 1680, 1800, 1920, 2040, 2160, 2280, 2400, 2520, 2640, 2760, 2880, 3000, 3120, 3240, 3360, 3480]","[1401.4947320124363, 2276.446735849595, 2441.7453918567453, 2532.2145165713564, 2636.485102472818, 2674.219660472866, 2682.566654848376, 2734.0156417481135, 2768.6562917472747, 2791.8857520282254, 2832.7922664852326, 2849.0857167044132, 2873.6730245567855, 2874.6607667470485, 2876.667826953406, 2865.6392109258454, 2878.11712733249, 2933.281716044394, 2968.2677236673017, 2978.6988491333113, 2985.8643243290403, 2966.394238360068, 2943.7643003840803, 2893.6270227148752, 2921.160400627034, 2938.691885337868, 2935.7509236173014, 2975.4959378584194, 2999.209092572371, 3024.071723264141, 3050.3722844399795, 3043.6532555750005, 3043.042629239985, 3075.9761039597606]","[101.19118653470782, 266.28793752522523, 182.65275018958948, 329.3260665392968, 237.68579290918453, 350.15452209200095, 350.25884377901957, 393.38868864387297, 385.9465942429955, 528.4251610710977, 455.0262817893024, 597.5093579216725, 514.480896224724, 570.4651304081556, 803.9898357619855, 725.4364715116507, 664.6242112332872, 819.6938230784275, 858.4855973740204, 865.7661944326597, 930.6122946781621, 929.8534783081, 952.6454648782367, 900.7034190540768, 1023.3226280987136, 1072.5079938728368, 1099.7142342823042, 1165.0969232159732, 1198.4186982281167, 1220.070174214643, 1269.0537084542032, 1270.0654254401925, 1284.4417522329736, 1387.1385026016906]"
D1C5F5F8FAFA2F98A84753416BF83B83F1282137,2020-03-14 18:33:04,"[60, 120, 180, 240, 300, 360, 420, 480, 540, 600, 720, 840, 960, 1080, 1200, 1320, 1440, 1560, 1680, 1800, 1920, 2040, 2160, 2280, 2400, 2520, 2640, 2760, 2880, 3000, 3120, 3240, 3360, 3480]","[848.1594195902056, 1359.8317842302372, 1497.3179622335258, 1563.8937458620746, 1606.1634515335868, 1636.2088212589524, 1634.2489163073597, 1654.0625755955302, 1657.4662355392725, 1671.7692245947542, 1667.5908683920752, 1656.1366460581805, 1667.5190424033942, 1699.4596594055056, 1703.4431631769455, 1718.9485516101256, 1711.7810954690315, 1708.7658966326428, 1722.7112084305845, 1744.740201202977, 1730.346671730741, 1749.9423751048105, 1758.114432600339, 1772.3735069134614, 1788.392688303474, 1830.5192533087222, 1844.025030548037, 1828.8747770454981, 1833.5951817110374, 1820.4309758597108, 1851.9468454348128, 1860.5752284593168, 1863.454670878647, 1876.2293196481667]","[51.18182270772555, 110.90646451087484, 66.41905067347666, 138.7612987510752, 251.29102361723105, 196.1995290578052, 279.7328208046684, 211.93184790262265, 257.3677957313958, 333.9923826172598, 266.9014611298453, 316.3033056104418, 288.89925853383113, 330.0577104638915, 370.36481198491646, 397.83454830939337, 347.5510237430474, 396.22392639936857, 436.70724668028214, 518.4764439806007, 430.06853586666347, 475.7223950168025, 473.9420172893986, 499.58913884588156, 536.7507391120184, 590.6867952726312, 647.5616894232529, 584.0148463605152, 628.4400754124724, 607.5814881121246, 604.8938086639447, 656.6265536023899, 660.5016107258685, 663.2356412584991]"
D1C5F5F8FAFA2F98A84753416BF83B83F1282137,2020-03-15 20:39:08,"[60, 120, 180, 240, 300, 360, 420, 480, 540, 600, 720, 840, 960, 1080, 1200, 1320, 1440, 1560, 1680, 1800, 1920, 2040, 2160, 2280, 2400, 2520, 2640, 2760, 2880, 3000, 3120, 3240, 3360, 3480]","[1000.4084362255477, 1615.2858389912599, 1766.941132924226, 1882.6306553278766, 1962.0164142317026, 2030.3026595869424, 2064.9722047180926, 2115.9552262292, 2145.5307404434184, 2182.8457175403682, 2191.628813057166, 2177.3135062381, 2166.0041583840275, 2194.152069387024, 2183.616692419888, 2211.556633479702, 2217.0442562367602, 2229.9942527132707, 2201.751875199161, 2207.0860585967334, 2200.491071031217, 2209.2938593136446, 2177.3796193548187, 2140.150048827541, 2084.8805828112154, 2106.634275586241, 2107.9812460049125, 2134.848171632342, 2126.995511706742, 2143.030677402418, 2161.0559426590753, 2177.966938899571, 2185.1112892752067, 2175.3573971717506]","[45.50464116798406, 82.47823736731938, 147.39718333279572, 180.74875477349204, 184.05715967394258, 287.96407432447876, 282.2948031989503, 308.2702305794306, 404.29481729898663, 428.05714948809924, 369.8126657520244, 379.852111173943, 535.7659598589535, 540.9287723540267, 525.90834240193, 519.2485556617808, 570.0107273643575, 640.8892516211936, 580.1451961635761, 637.8341216114198, 682.7242275343764, 706.5713255436781, 686.0162264314722, 652.4559880793495, 638.2861549352158, 639.8617451405692, 646.8314079250251, 685.1428997355241, 693.9074410624631, 689.4792630555064, 682.678882855702, 718.820348436264, 747.9576113806468, 697.7022106385085]"
D744A380F4FC34F9D11208A2F9E8C69DD556C376,2020-03-19 07:46:41,"[60, 120, 180, 240, 300, 360, 420, 480, 540, 600, 720, 840, 960, 1080, 1200, 1320, 1440, 1560, 1680, 1800, 1920, 2040, 2160, 2280, 2400, 2520, 2640, 2760, 2880, 3000, 3120, 3240, 3360, 3480]","[947.9465562990986, 1514.6928453079295, 1637.280073709705, 1712.0483336312152, 1763.3036581283752, 1819.30456733723, 1831.057492267421, 1835.6861280036492, 1856.697136829621, 1877.1885510844031, 1877.5738319220004, 1877.1714923684217, 1876.3353727009448, 1896.6346950578816, 1923.1382859950986, 1936.1406241857496, 1922.8443813418924, 1922.84207911293, 1934.9509234629716, 1949.969463511819, 1968.819815483559, 1940.3001898497992, 1938.1743146387932, 1940.9149912016944, 1919.9653354599534, 1956.9227009918543, 1940.0372179401024, 1962.4434869880668, 1966.094153617703, 1993.8285244549577, 1976.7871209639861, 1988.7955841371252, 1985.6635087617067, 2003.3824244477396]","[72.20432214601632, 97.72179660337079, 100.7155070820117, 123.49577045998319, 131.363700658463, 162.61065695104267, 207.37570160731565, 253.9477483922929, 188.71683614351818, 242.40328675436112, 303.82348267460935, 305.7654888312475, 355.61575307178805, 317.05624696578906, 369.0846355615302, 387.87361668614574, 454.04312294051874, 358.69538963910946, 424.22811594753404, 446.72977140740795, 506.24609631331003, 470.3318549687594, 464.8839426141217, 511.5013372143184, 480.8592543103425, 492.03172866654774, 519.838505788361, 556.1923756466368, 551.3451094549545, 576.9999068195192, 557.0863404480002, 591.9402846759459, 587.2539304598483, 634.1544326485409]"
D744A380F4FC34F9D11208A2F9E8C69DD556C376,2020-03-20 07:48:09,"[60, 120, 180, 240, 300, 360, 420, 480, 540, 600, 720, 840, 960, 1080, 1200, 1320, 1440, 1560, 1680, 1800, 1920, 2040, 2160, 2280, 2400, 2520, 2640, 2760, 2880, 3000, 3120, 3240, 3360, 3480]","[1085.962941057412, 1734.7477997100837, 1883.8604192255516, 1963.3084511893753, 2004.9977314020064, 2095.694967708857, 2125.2480159199413, 2159.623575032764, 2168.3711177934797, 2173.5759279126346, 2219.3488107406793, 2264.1361726030673, 2334.2192146446264, 2346.442563506074, 2384.3355867342502, 2353.234850453696, 2411.3207035493106, 2444.8724201288196, 2473.1769998891523, 2477.3606417964943, 2477.6383954916814, 2476.3860313923988, 2526.8384182593986, 2512.518329719819, 2530.5115257206025, 2407.4003894948064, 2379.459076330696, 2341.2074965128318, 2378.91541197797, 2329.909926340221, 2382.4465855238473, 2401.832662582704, 2424.7969945208692, 2427.4268992607113]","[90.19907006934528, 84.83538429942469, 221.5807154043855, 160.38722985082262, 271.32439864807816, 312.93706672978425, 301.6287540408288, 314.237816567754, 394.29975407018884, 349.4977356061453, 385.40322789249933, 429.1923486928052, 429.0001503866192, 535.7537149325981, 701.4526244015457, 726.6950972266853, 758.9873078306324, 723.1209032786336, 737.0101521751008, 743.3441469428831, 760.2746204441133, 861.7694437299813, 924.2527142126298, 1013.6069927603054, 990.1111994070426, 879.1563317047094, 823.6187572080878, 847.0215027892326, 807.6352013887716, 773.3693296178378, 795.8671010931562, 867.5170337113717, 863.1302081534167, 881.4074724840086]"
D744A380F4FC34F9D11208A2F9E8C69DD556C376,2020-03-21 07:49:24,"[60, 120, 180, 240, 300, 360, 420, 480, 540, 600, 720, 840, 960, 1080, 1200, 1320, 1440, 1560, 1680, 1800, 1920, 2040, 2160, 2280, 2400, 2520, 2640, 2760, 2880, 3000, 3120, 3240, 3360, 3480]","[940.4383348970698, 1515.9593484451013, 1705.6482655707991, 1847.2982878269183, 1879.102666416098, 1898.2512832977734, 1912.394030426887, 1926.7763477360645, 1931.4832338448714, 1910.5948610207959, 1891.6303033404677, 1891.4607744782359, 1878.6932059471817, 1893.4754435586096, 1886.865035853018, 1893.4241851866236, 1891.0202555622739, 1897.6538873149152, 1911.4429972709322, 1909.0848203391008, 1917.1162913480362, 1907.0320639992995, 1908.2063358766882, 1908.5395040897927, 1910.3176302788572, 1914.8942977168936, 1926.5183105462816, 1930.8321990439167, 1921.317048226595, 1944.160731817746, 1939.2921599929318, 1946.4927192386453, 1961.9514054735253, 1948.5700746302548]","[59.054559191551796, 53.181480522696084, 63.97836055298284, 148.85481094855913, 206.56709900345137, 292.01046441503547, 200.62380827835486, 247.2379265796502, 194.46665069349905, 299.6219418791951, 250.75117244198597, 246.82373422285394, 305.45263192629557, 272.3307593498649, 290.97342451271464, 296.34703795999593, 291.01336313862816, 322.57096261234494, 306.51875366811385, 312.8902318816429, 359.0635835430445, 297.8953730035417, 341.1080191704486, 359.38003781297033, 334.0719905211264, 386.7362232657219, 399.9151388690082, 392.39820279961816, 423.34377862583085, 447.35528363731544, 428.8521406887174, 465.88198782332785, 498.74563451659236, 488.36179995283345]"
E4F7869E2E9AF579EC93F5CCB823ECFCB297DA4E,2020-03-19 22:47:49,"[60, 120, 180, 240, 300, 360, 420, 480, 540, 600, 720, 840, 960, 1080, 1200, 1320, 1440, 1560, 1680, 1800, 1920, 2040, 2160, 2280, 2400, 2520, 2640, 2760, 2880, 3000, 3120, 3240, 3360, 3480]","[954.9242010255037, 1578.2553450561145, 1828.070449389766, 1957.8283655309292, 1968.4546264927533, 1954.9580852982278, 1982.9450748032518, 2005.053584590047, 2055.0406055630788, 2044.8926672627151, 2029.0055676294564, 2083.039385201264, 2089.6961845522255, 2047.59100928105, 2087.232541447854, 2092.795835086955, 2126.3479803425844, 2098.645757034047, 2050.923875904383, 2081.0199659247396, 2095.6514632758867, 2071.8261358798086, 2072.4456151067375, 2060.57519710381, 2070.496210276073, 2081.587508847696, 2095.169108975188, 2115.136100530908, 2122.4978956890577, 2120.5522240350883, 2099.088650954968, 2116.016347614061, 2119.0193611412096, 2140.9092088332063]","[55.95869488287373, 46.748779291073696, 106.38967128357216, 232.41010862906575, 294.5045090858082, 304.57861347550084, 360.39535078379583, 435.83384795523796, 464.40706712335685, 495.69257737834306, 503.8327096352023, 632.038160013193, 681.4645735202885, 662.247408693126, 620.6208091294159, 642.9618028854409, 711.6817770953178, 731.9730619548657, 656.8259617346243, 770.7450499097844, 726.3356111514664, 691.2731693424162, 763.5824542943578, 727.2478210790455, 732.1510966124886, 821.8794198147498, 691.3977447707795, 754.0088791577488, 813.2031806459482, 712.2080475789633, 774.4793262523449, 833.1663788969174, 771.7494781320931, 766.4331517067334]"
E4F7869E2E9AF579EC93F5CCB823ECFCB297DA4E,2020-03-20 22:48:52,"[60, 120, 180, 240, 300, 360, 420, 480, 540, 600, 720, 840, 960, 1080, 1200, 1320, 1440, 1560, 1680, 1800, 1920, 2040, 2160, 2280, 2400, 2520, 2640, 2760, 2880, 3000, 3120, 3240, 3360, 3480]","[1857.2373203770476, 3586.565102634041, 4493.400371340877, 4867.856347552499, 5104.477691989826, 5253.546847204649, 5299.760143560465, 5407.825820300623, 5366.18446713092, 5378.430028155016, 5454.691108791577, 5438.309977558133, 5588.386127103581, 5556.260871696122, 5535.283589698387, 5699.089457871067, 5463.305412424722, 5464.6004663211415, 5483.324651587554, 5494.432763512018, 5541.62130401611, 5659.766364198923, 5574.107651092117, 5601.772249189712, 5578.632367909378, 5547.360285779665, 5524.644377530581, 5092.703197991195, 5125.26104520827, 5003.688941271233, 4967.60733535956, 4970.14747154298, 5013.7801105716435, 5079.465943722995]","[104.35130422333258, 764.1808763826583, 530.7109933809386, 703.7772777183252, 725.3260194678943, 1351.9649947965206, 1312.696161631155, 1451.361153526808, 1717.6177622900143, 1605.765866018719, 2044.3779132721454, 2197.582458259294, 2448.2268349883825, 2880.992557038502, 2945.4969831810445, 3315.2297799298362, 3030.4337832071706, 3450.3124653671057, 3364.3702381627227, 3561.2636166733705, 3644.3313112478345, 3844.17483397031, 3673.490636257536, 3752.567246392308, 3937.863488536685, 3652.416929422436, 3654.530519411332, 2951.5894159770487, 3034.367751106496, 2591.072692523023, 2764.5676907120232, 2794.643164204682, 2730.8860830930385, 3093.4417779940522]"
