datetime,relay,rtt
2020-03-13 07:20:27,22A6BE98D201B101C32661739967BF4DED12EF96,-16.75355000000002
2020-03-13 07:20:44,22A6BE98D201B101C32661739967BF4DED12EF96,-8.349530000000017
2020-03-13 07:21:01,22A6BE98D201B101C32661739967BF4DED12EF96,6.311775000000013
2020-03-13 07:21:17,22A6BE98D201B101C32661739967BF4DED12EF96,3.720640000000032
2020-03-13 07:21:34,22A6BE98D201B101C32661739967BF4DED12EF96,10.511995000000011
2020-03-13 07:21:50,22A6BE98D201B101C32661739967BF4DED12EF96,-4.871125000000006
2020-03-13 07:22:06,22A6BE98D201B101C32661739967BF4DED12EF96,-14.167305
2020-03-13 07:22:23,22A6BE98D201B101C32661739967BF4DED12EF96,-75.69074499999995
2020-03-13 07:22:40,22A6BE98D201B101C32661739967BF4DED12EF96,11.324999999999989
2020-03-13 07:22:56,22A6BE98D201B101C32661739967BF4DED12EF96,-1.637459999999976
2020-03-13 07:23:13,22A6BE98D201B101C32661739967BF4DED12EF96,-0.9490200000000186
2020-03-13 07:23:29,22A6BE98D201B101C32661739967BF4DED12EF96,24.90103500000004
2020-03-13 07:23:45,22A6BE98D201B101C32661739967BF4DED12EF96,0.1978850000000137
2020-03-13 07:24:01,22A6BE98D201B101C32661739967BF4DED12EF96,3.9286600000000083
2020-03-13 07:24:18,22A6BE98D201B101C32661739967BF4DED12EF96,4.669070000000033
2020-03-13 07:24:34,22A6BE98D201B101C32661739967BF4DED12EF96,-12.016540000000019
2020-03-13 07:24:51,22A6BE98D201B101C32661739967BF4DED12EF96,-8.541945000000027
2020-03-13 07:25:07,22A6BE98D201B101C32661739967BF4DED12EF96,19.46378000000004
2020-03-13 07:25:24,22A6BE98D201B101C32661739967BF4DED12EF96,-9.496090000000036
2020-03-13 07:25:41,22A6BE98D201B101C32661739967BF4DED12EF96,6.0365150000000085
2020-03-13 07:25:57,22A6BE98D201B101C32661739967BF4DED12EF96,12.465954999999981
2020-03-13 07:26:14,22A6BE98D201B101C32661739967BF4DED12EF96,-2.243990000000025
2020-03-13 07:26:31,22A6BE98D201B101C32661739967BF4DED12EF96,-2.0766299999999944
2020-03-13 07:26:48,22A6BE98D201B101C32661739967BF4DED12EF96,3.602979999999974
2020-03-13 07:27:04,22A6BE98D201B101C32661739967BF4DED12EF96,13.262990000000002
2020-03-13 07:27:20,22A6BE98D201B101C32661739967BF4DED12EF96,-0.954389999999961
2020-03-13 07:27:36,22A6BE98D201B101C32661739967BF4DED12EF96,-0.8770249999999749
2020-03-13 07:27:53,22A6BE98D201B101C32661739967BF4DED12EF96,2.051950000000033
2020-03-13 07:28:10,22A6BE98D201B101C32661739967BF4DED12EF96,-3.255839999999978
2020-03-13 07:28:27,22A6BE98D201B101C32661739967BF4DED12EF96,-49.65436
2020-03-13 07:28:44,22A6BE98D201B101C32661739967BF4DED12EF96,-8.284209999999973
2020-03-13 07:29:00,22A6BE98D201B101C32661739967BF4DED12EF96,-26.965375000000023
2020-03-13 07:29:17,22A6BE98D201B101C32661739967BF4DED12EF96,20.769124999999974
2020-03-13 07:29:34,22A6BE98D201B101C32661739967BF4DED12EF96,10.059359999999998
2020-03-13 07:29:50,22A6BE98D201B101C32661739967BF4DED12EF96,-9.182099999999991
2020-03-13 07:30:08,22A6BE98D201B101C32661739967BF4DED12EF96,6.3000949999999705
2020-03-13 07:30:25,22A6BE98D201B101C32661739967BF4DED12EF96,-24.85477499999999
2020-03-13 07:30:42,22A6BE98D201B101C32661739967BF4DED12EF96,5.84161499999999
2020-03-13 07:30:57,22A6BE98D201B101C32661739967BF4DED12EF96,14.847514999999989
2020-03-13 07:31:14,22A6BE98D201B101C32661739967BF4DED12EF96,-5.761980000000023
2020-03-13 07:31:30,22A6BE98D201B101C32661739967BF4DED12EF96,11.66450500000002
2020-03-13 07:31:47,22A6BE98D201B101C32661739967BF4DED12EF96,4.648085000000009
2020-03-13 07:32:03,22A6BE98D201B101C32661739967BF4DED12EF96,7.235884999999996
2020-03-13 07:32:20,22A6BE98D201B101C32661739967BF4DED12EF96,-5.120154999999984
2020-03-13 07:32:36,22A6BE98D201B101C32661739967BF4DED12EF96,-13.229964999999993
2020-03-13 07:32:53,22A6BE98D201B101C32661739967BF4DED12EF96,-1.601934999999969
2020-03-13 07:33:09,22A6BE98D201B101C32661739967BF4DED12EF96,18.055919999999983
2020-03-13 07:33:26,22A6BE98D201B101C32661739967BF4DED12EF96,5.8815500000000025
2020-03-13 07:33:42,22A6BE98D201B101C32661739967BF4DED12EF96,4.020804999999996
2020-03-13 07:33:59,22A6BE98D201B101C32661739967BF4DED12EF96,-6.373884999999973
2020-03-13 07:34:15,22A6BE98D201B101C32661739967BF4DED12EF96,-4.318240000000003
2020-03-13 07:34:31,22A6BE98D201B101C32661739967BF4DED12EF96,-1.5827500000000043
2020-03-13 07:34:47,22A6BE98D201B101C32661739967BF4DED12EF96,13.997914999999974
2020-03-13 07:35:03,22A6BE98D201B101C32661739967BF4DED12EF96,12.511965000000005
2020-03-13 07:35:20,22A6BE98D201B101C32661739967BF4DED12EF96,5.829815000000025
2020-03-13 07:35:36,22A6BE98D201B101C32661739967BF4DED12EF96,3.321645000000018
2020-03-13 07:35:53,22A6BE98D201B101C32661739967BF4DED12EF96,4.8333399999999935
2020-03-13 07:36:09,22A6BE98D201B101C32661739967BF4DED12EF96,10.869629999999974
2020-03-13 07:36:25,22A6BE98D201B101C32661739967BF4DED12EF96,-10.917779999999961
2020-03-13 07:36:41,22A6BE98D201B101C32661739967BF4DED12EF96,-5.458949999999987
2020-03-13 07:36:57,22A6BE98D201B101C32661739967BF4DED12EF96,2.322314999999975
2020-03-13 07:37:14,22A6BE98D201B101C32661739967BF4DED12EF96,-16.22390999999999
2020-03-13 07:37:31,22A6BE98D201B101C32661739967BF4DED12EF96,-20.42222000000004
2020-03-13 07:37:49,22A6BE98D201B101C32661739967BF4DED12EF96,20.073420000000002
2020-03-13 07:38:05,22A6BE98D201B101C32661739967BF4DED12EF96,24.910095000000037
2020-03-13 07:38:22,22A6BE98D201B101C32661739967BF4DED12EF96,19.702555000000018
2020-03-13 07:38:39,22A6BE98D201B101C32661739967BF4DED12EF96,54.54659499999993
2020-03-13 07:38:55,22A6BE98D201B101C32661739967BF4DED12EF96,36.06640999999999
2020-03-13 07:39:12,22A6BE98D201B101C32661739967BF4DED12EF96,14.684435000000036
2020-03-13 07:39:29,22A6BE98D201B101C32661739967BF4DED12EF96,49.06189999999998
2020-03-13 07:39:47,22A6BE98D201B101C32661739967BF4DED12EF96,-39.95788500000001
2020-03-13 07:40:04,22A6BE98D201B101C32661739967BF4DED12EF96,0.3780150000000049
2020-03-13 07:40:21,22A6BE98D201B101C32661739967BF4DED12EF96,-13.071185000000016
2020-03-13 07:40:38,22A6BE98D201B101C32661739967BF4DED12EF96,3.960490000000021
2020-03-13 07:40:54,22A6BE98D201B101C32661739967BF4DED12EF96,18.918879999999973
2020-03-13 07:41:10,22A6BE98D201B101C32661739967BF4DED12EF96,-18.424870000000002
2020-03-13 07:41:26,22A6BE98D201B101C32661739967BF4DED12EF96,16.45887000000002
2020-03-13 07:41:43,22A6BE98D201B101C32661739967BF4DED12EF96,5.215524999999985
2020-03-13 07:41:59,22A6BE98D201B101C32661739967BF4DED12EF96,-12.321949999999989
2020-03-13 07:42:16,22A6BE98D201B101C32661739967BF4DED12EF96,2.1479199999999707
2020-03-13 07:42:32,22A6BE98D201B101C32661739967BF4DED12EF96,-41.362994999999984
2020-03-13 07:42:51,22A6BE98D201B101C32661739967BF4DED12EF96,0.985985000000028
2020-03-13 07:43:07,22A6BE98D201B101C32661739967BF4DED12EF96,13.404484999999964
2020-03-13 07:43:24,22A6BE98D201B101C32661739967BF4DED12EF96,-4.2595800000000015
2020-03-13 07:43:41,22A6BE98D201B101C32661739967BF4DED12EF96,10.031939999999992
2020-03-13 07:43:57,22A6BE98D201B101C32661739967BF4DED12EF96,25.714514999999977
2020-03-13 07:44:14,22A6BE98D201B101C32661739967BF4DED12EF96,-33.18666999999999
2020-03-13 07:44:30,22A6BE98D201B101C32661739967BF4DED12EF96,12.7132
2020-03-13 07:44:47,22A6BE98D201B101C32661739967BF4DED12EF96,13.14306000000002
2020-03-13 07:45:03,22A6BE98D201B101C32661739967BF4DED12EF96,5.5878199999999945
2020-03-13 07:45:19,22A6BE98D201B101C32661739967BF4DED12EF96,8.672004999999983
2020-03-13 07:45:36,22A6BE98D201B101C32661739967BF4DED12EF96,6.677630000000023
2020-03-13 07:45:52,22A6BE98D201B101C32661739967BF4DED12EF96,-7.214189999999974
2020-03-13 07:46:09,22A6BE98D201B101C32661739967BF4DED12EF96,-26.500100000000003
2020-03-13 07:46:26,22A6BE98D201B101C32661739967BF4DED12EF96,22.67563000000001
2020-03-13 07:46:43,22A6BE98D201B101C32661739967BF4DED12EF96,-0.6834249999999713
2020-03-13 07:47:00,22A6BE98D201B101C32661739967BF4DED12EF96,4.30095
2020-03-13 07:47:16,22A6BE98D201B101C32661739967BF4DED12EF96,-4.328855000000004
2020-03-13 07:47:33,22A6BE98D201B101C32661739967BF4DED12EF96,24.65439000000001
2020-03-13 07:47:49,22A6BE98D201B101C32661739967BF4DED12EF96,-10.601049999999988
2020-03-13 07:48:06,22A6BE98D201B101C32661739967BF4DED12EF96,-2.344015000000013
2020-03-13 07:48:22,22A6BE98D201B101C32661739967BF4DED12EF96,-2.8312250000000176
2020-03-13 07:48:39,22A6BE98D201B101C32661739967BF4DED12EF96,4.919049999999999
2020-03-13 07:48:55,22A6BE98D201B101C32661739967BF4DED12EF96,15.57039499999999
2020-03-13 07:49:12,22A6BE98D201B101C32661739967BF4DED12EF96,17.16804000000002
2020-03-13 07:49:28,22A6BE98D201B101C32661739967BF4DED12EF96,8.405090000000001
2020-03-13 07:49:44,22A6BE98D201B101C32661739967BF4DED12EF96,-6.736525
2020-03-13 07:50:00,22A6BE98D201B101C32661739967BF4DED12EF96,9.504795
2020-03-13 07:50:17,22A6BE98D201B101C32661739967BF4DED12EF96,16.966940000000022
2020-03-13 07:50:33,22A6BE98D201B101C32661739967BF4DED12EF96,-6.561400000000019
2020-03-13 07:50:49,22A6BE98D201B101C32661739967BF4DED12EF96,10.263449999999976
2020-03-13 07:51:05,22A6BE98D201B101C32661739967BF4DED12EF96,5.647539999999991
2020-03-13 07:51:21,22A6BE98D201B101C32661739967BF4DED12EF96,2.74015
2020-03-13 07:51:37,22A6BE98D201B101C32661739967BF4DED12EF96,0.990509999999972
2020-03-13 07:51:53,22A6BE98D201B101C32661739967BF4DED12EF96,11.014580000000024
2020-03-13 07:52:09,22A6BE98D201B101C32661739967BF4DED12EF96,7.073525000000018
2020-03-13 07:52:25,22A6BE98D201B101C32661739967BF4DED12EF96,17.991904999999978
2020-03-13 07:52:42,22A6BE98D201B101C32661739967BF4DED12EF96,-4.832504999999969
2020-03-13 07:52:58,22A6BE98D201B101C32661739967BF4DED12EF96,5.006549999999977
2020-03-13 07:53:14,22A6BE98D201B101C32661739967BF4DED12EF96,6.075384999999982
2020-03-13 07:53:30,22A6BE98D201B101C32661739967BF4DED12EF96,-2.872945000000016
2020-03-13 07:53:47,22A6BE98D201B101C32661739967BF4DED12EF96,-9.435540000000003
2020-03-13 07:54:03,22A6BE98D201B101C32661739967BF4DED12EF96,-0.8178949999999929
2020-03-13 07:54:20,22A6BE98D201B101C32661739967BF4DED12EF96,-2.3355500000000116
2020-03-13 07:54:36,22A6BE98D201B101C32661739967BF4DED12EF96,13.177755000000019
2020-03-13 07:54:52,22A6BE98D201B101C32661739967BF4DED12EF96,4.811639999999984
2020-03-13 07:55:08,22A6BE98D201B101C32661739967BF4DED12EF96,0.3703799999999831
2020-03-13 07:55:24,22A6BE98D201B101C32661739967BF4DED12EF96,-1.8000549999999862
2020-03-13 07:55:40,22A6BE98D201B101C32661739967BF4DED12EF96,-11.750095000000016
2020-03-13 07:55:56,22A6BE98D201B101C32661739967BF4DED12EF96,-3.322479999999985
2020-03-13 07:56:12,22A6BE98D201B101C32661739967BF4DED12EF96,-11.459235000000007
2020-03-13 07:56:28,22A6BE98D201B101C32661739967BF4DED12EF96,-5.0415950000000285
2020-03-13 07:56:45,22A6BE98D201B101C32661739967BF4DED12EF96,-4.9327599999999725
2020-03-13 07:57:00,22A6BE98D201B101C32661739967BF4DED12EF96,3.749845000000022
2020-03-13 07:57:17,22A6BE98D201B101C32661739967BF4DED12EF96,1.1491800000000296
2020-03-13 07:57:33,22A6BE98D201B101C32661739967BF4DED12EF96,9.074090000000012
2020-03-13 07:57:49,22A6BE98D201B101C32661739967BF4DED12EF96,-0.0493550000000198
2020-03-13 07:58:05,22A6BE98D201B101C32661739967BF4DED12EF96,15.134209999999964
2020-03-13 07:58:21,22A6BE98D201B101C32661739967BF4DED12EF96,3.8645300000000016
2020-03-13 07:58:37,22A6BE98D201B101C32661739967BF4DED12EF96,8.195050000000009
2020-03-13 07:58:53,22A6BE98D201B101C32661739967BF4DED12EF96,6.891365000000036
2020-03-13 07:59:09,22A6BE98D201B101C32661739967BF4DED12EF96,-13.040539999999993
2020-03-13 07:59:25,22A6BE98D201B101C32661739967BF4DED12EF96,11.755464999999989
2020-03-13 07:59:41,22A6BE98D201B101C32661739967BF4DED12EF96,-3.2764650000000017
2020-03-13 07:59:57,22A6BE98D201B101C32661739967BF4DED12EF96,3.780484999999999
2020-03-13 08:00:13,22A6BE98D201B101C32661739967BF4DED12EF96,16.507149999999996
2020-03-13 08:00:29,22A6BE98D201B101C32661739967BF4DED12EF96,-1.2387049999999815
2020-03-13 08:00:45,22A6BE98D201B101C32661739967BF4DED12EF96,17.47798499999999
2020-03-13 08:01:01,22A6BE98D201B101C32661739967BF4DED12EF96,13.006090000000027
2020-03-13 08:01:18,22A6BE98D201B101C32661739967BF4DED12EF96,10.435339999999966
2020-03-13 08:01:34,22A6BE98D201B101C32661739967BF4DED12EF96,6.996395000000009
2020-03-13 08:01:50,22A6BE98D201B101C32661739967BF4DED12EF96,11.436219999999993
2020-03-13 08:02:06,22A6BE98D201B101C32661739967BF4DED12EF96,3.0075350000000185
2020-03-13 08:02:22,22A6BE98D201B101C32661739967BF4DED12EF96,-1.2816200000000322
2020-03-13 08:02:38,22A6BE98D201B101C32661739967BF4DED12EF96,13.363244999999974
2020-03-13 08:02:54,22A6BE98D201B101C32661739967BF4DED12EF96,24.49501000000001
2020-03-13 08:03:11,22A6BE98D201B101C32661739967BF4DED12EF96,7.742404999999992
2020-03-13 08:03:28,22A6BE98D201B101C32661739967BF4DED12EF96,-0.1655799999999772
2020-03-13 08:03:44,22A6BE98D201B101C32661739967BF4DED12EF96,-1.8644249999999831
2020-03-13 08:04:01,22A6BE98D201B101C32661739967BF4DED12EF96,10.719300000000004
2020-03-13 08:04:17,22A6BE98D201B101C32661739967BF4DED12EF96,0.9803750000000376
2020-03-13 08:04:34,22A6BE98D201B101C32661739967BF4DED12EF96,-14.311550000000011
2020-03-13 08:04:50,22A6BE98D201B101C32661739967BF4DED12EF96,25.14327
2020-03-13 08:05:06,22A6BE98D201B101C32661739967BF4DED12EF96,11.325235000000019
2020-03-13 08:05:22,22A6BE98D201B101C32661739967BF4DED12EF96,1.6584350000000256
2020-03-13 08:05:38,22A6BE98D201B101C32661739967BF4DED12EF96,-7.656815000000023
2020-03-13 08:05:54,22A6BE98D201B101C32661739967BF4DED12EF96,20.62451500000003
2020-03-13 08:06:10,22A6BE98D201B101C32661739967BF4DED12EF96,-12.328744999999973
2020-03-13 08:06:26,22A6BE98D201B101C32661739967BF4DED12EF96,20.287275000000022
2020-03-13 08:06:42,22A6BE98D201B101C32661739967BF4DED12EF96,19.849060000000012
2020-03-13 08:06:59,22A6BE98D201B101C32661739967BF4DED12EF96,1.732939999999985
2020-03-13 08:07:14,22A6BE98D201B101C32661739967BF4DED12EF96,-3.8930200000000066
2020-03-13 08:07:30,22A6BE98D201B101C32661739967BF4DED12EF96,8.642080000000021
2020-03-13 08:07:47,22A6BE98D201B101C32661739967BF4DED12EF96,-6.962064999999996
2020-03-13 08:08:03,22A6BE98D201B101C32661739967BF4DED12EF96,6.0147050000000215
2020-03-13 08:08:19,22A6BE98D201B101C32661739967BF4DED12EF96,10.248899999999963
2020-03-13 08:08:35,22A6BE98D201B101C32661739967BF4DED12EF96,1.1632400000000018
2020-03-13 08:08:51,22A6BE98D201B101C32661739967BF4DED12EF96,11.541129999999981
2020-03-13 08:09:07,22A6BE98D201B101C32661739967BF4DED12EF96,2.9644949999999994
2020-03-13 08:09:23,22A6BE98D201B101C32661739967BF4DED12EF96,6.386045000000024
2020-03-13 08:09:39,22A6BE98D201B101C32661739967BF4DED12EF96,11.304025000000026
2020-03-13 08:09:56,22A6BE98D201B101C32661739967BF4DED12EF96,8.565420000000017
2020-03-13 08:10:12,22A6BE98D201B101C32661739967BF4DED12EF96,-27.114629999999977
2020-03-13 08:10:28,22A6BE98D201B101C32661739967BF4DED12EF96,-4.38594999999998
2020-03-13 08:10:44,22A6BE98D201B101C32661739967BF4DED12EF96,-0.16057499999999436
2020-03-13 08:11:00,22A6BE98D201B101C32661739967BF4DED12EF96,12.035604999999974
2020-03-13 08:11:16,22A6BE98D201B101C32661739967BF4DED12EF96,47.43695500000001
2020-03-13 08:11:33,22A6BE98D201B101C32661739967BF4DED12EF96,2.2608049999999764
2020-03-13 08:11:50,22A6BE98D201B101C32661739967BF4DED12EF96,7.003425000000021
2020-03-13 08:12:06,22A6BE98D201B101C32661739967BF4DED12EF96,3.934380000000005
2020-03-13 08:12:22,22A6BE98D201B101C32661739967BF4DED12EF96,16.250845000000027
2020-03-13 08:12:38,22A6BE98D201B101C32661739967BF4DED12EF96,-0.4744499999999903
2020-03-13 08:12:54,22A6BE98D201B101C32661739967BF4DED12EF96,9.650349999999976
2020-03-13 08:13:10,22A6BE98D201B101C32661739967BF4DED12EF96,3.085969999999975
2020-03-13 08:13:26,22A6BE98D201B101C32661739967BF4DED12EF96,11.802915000000011
2020-03-13 08:13:43,22A6BE98D201B101C32661739967BF4DED12EF96,-0.4966200000000356
2020-03-13 08:13:59,22A6BE98D201B101C32661739967BF4DED12EF96,3.1880150000000365
2020-03-13 08:14:15,22A6BE98D201B101C32661739967BF4DED12EF96,15.825509999999984
2020-03-13 08:14:31,22A6BE98D201B101C32661739967BF4DED12EF96,12.68995000000001
2020-03-13 08:14:47,22A6BE98D201B101C32661739967BF4DED12EF96,6.915570000000002
2020-03-13 08:15:03,22A6BE98D201B101C32661739967BF4DED12EF96,16.721010000000035
2020-03-13 08:15:19,22A6BE98D201B101C32661739967BF4DED12EF96,2.7811550000000125
2020-03-13 08:15:36,22A6BE98D201B101C32661739967BF4DED12EF96,14.384144999999993
2020-03-13 08:15:52,22A6BE98D201B101C32661739967BF4DED12EF96,4.512189999999976
2020-03-13 08:16:08,22A6BE98D201B101C32661739967BF4DED12EF96,-0.5148649999999861
2020-03-13 08:16:24,22A6BE98D201B101C32661739967BF4DED12EF96,-1.3749600000000155
2020-03-13 08:16:40,22A6BE98D201B101C32661739967BF4DED12EF96,5.866525000000024
2020-03-13 08:16:56,22A6BE98D201B101C32661739967BF4DED12EF96,4.223945000000043
2020-03-13 08:17:12,22A6BE98D201B101C32661739967BF4DED12EF96,42.756445000000014
2020-03-13 08:17:29,22A6BE98D201B101C32661739967BF4DED12EF96,34.78205500000001
2020-03-13 08:17:45,22A6BE98D201B101C32661739967BF4DED12EF96,16.533489999999972
2020-03-13 08:18:04,22A6BE98D201B101C32661739967BF4DED12EF96,0.7628199999999765
2020-03-13 08:18:24,22A6BE98D201B101C32661739967BF4DED12EF96,19.643665
2020-03-13 08:18:40,22A6BE98D201B101C32661739967BF4DED12EF96,11.926175000000026
2020-03-13 08:18:56,22A6BE98D201B101C32661739967BF4DED12EF96,9.256955000000033
2020-03-13 08:19:13,22A6BE98D201B101C32661739967BF4DED12EF96,9.705430000000037
2020-03-13 08:19:29,22A6BE98D201B101C32661739967BF4DED12EF96,-0.7865399999999738
2020-03-13 08:19:45,22A6BE98D201B101C32661739967BF4DED12EF96,12.359024999999974
2020-03-13 08:20:01,22A6BE98D201B101C32661739967BF4DED12EF96,1.2140249999999924
2020-03-13 08:20:17,22A6BE98D201B101C32661739967BF4DED12EF96,27.437930000000023
2020-03-13 08:20:33,22A6BE98D201B101C32661739967BF4DED12EF96,-5.53213999999997
2020-03-13 08:20:49,22A6BE98D201B101C32661739967BF4DED12EF96,-1.3232200000000205
2020-03-13 08:21:05,22A6BE98D201B101C32661739967BF4DED12EF96,-5.431529999999981
2020-03-13 08:21:22,22A6BE98D201B101C32661739967BF4DED12EF96,13.088694999999975
2020-03-13 08:21:38,22A6BE98D201B101C32661739967BF4DED12EF96,12.10558500000002
2020-03-13 08:21:54,22A6BE98D201B101C32661739967BF4DED12EF96,15.798089999999974
2020-03-13 08:22:10,22A6BE98D201B101C32661739967BF4DED12EF96,6.54088999999999
2020-03-13 08:22:26,22A6BE98D201B101C32661739967BF4DED12EF96,2.5919700000000034
2020-03-13 08:22:42,22A6BE98D201B101C32661739967BF4DED12EF96,7.101295000000023
2020-03-13 08:22:58,22A6BE98D201B101C32661739967BF4DED12EF96,6.0194700000000125
2020-03-13 08:23:14,22A6BE98D201B101C32661739967BF4DED12EF96,2.247455000000002
2020-03-13 08:23:30,22A6BE98D201B101C32661739967BF4DED12EF96,18.75841499999998
2020-03-13 08:23:46,22A6BE98D201B101C32661739967BF4DED12EF96,1.7440300000000093
2020-03-13 08:24:02,22A6BE98D201B101C32661739967BF4DED12EF96,9.926434999999998
2020-03-13 08:24:18,22A6BE98D201B101C32661739967BF4DED12EF96,10.284894999999976
2020-03-13 08:24:35,22A6BE98D201B101C32661739967BF4DED12EF96,3.4960499999999968
2020-03-13 08:24:51,22A6BE98D201B101C32661739967BF4DED12EF96,19.133095000000022
2020-03-13 08:25:07,22A6BE98D201B101C32661739967BF4DED12EF96,15.251990000000005
2020-03-13 08:25:23,22A6BE98D201B101C32661739967BF4DED12EF96,-5.753870000000006
2020-03-13 08:25:40,22A6BE98D201B101C32661739967BF4DED12EF96,3.933429999999987
2020-03-13 08:25:56,22A6BE98D201B101C32661739967BF4DED12EF96,9.460090000000037
2020-03-13 08:26:12,22A6BE98D201B101C32661739967BF4DED12EF96,2.6535999999999547
2020-03-13 08:26:28,22A6BE98D201B101C32661739967BF4DED12EF96,-2.676964999999996
2020-03-13 08:26:45,22A6BE98D201B101C32661739967BF4DED12EF96,6.996875000000018
2020-03-13 08:27:01,22A6BE98D201B101C32661739967BF4DED12EF96,12.598989999999983
2020-03-13 08:27:21,22A6BE98D201B101C32661739967BF4DED12EF96,11.182549999999992
2020-03-13 08:27:37,22A6BE98D201B101C32661739967BF4DED12EF96,-7.6293950000000175
2020-03-13 08:27:54,22A6BE98D201B101C32661739967BF4DED12EF96,11.670829999999995
2020-03-13 08:28:10,22A6BE98D201B101C32661739967BF4DED12EF96,-6.660100000000027
2020-03-13 08:28:27,22A6BE98D201B101C32661739967BF4DED12EF96,17.359489999999994
2020-03-13 08:28:43,22A6BE98D201B101C32661739967BF4DED12EF96,-18.128515000000018
2020-03-13 08:29:01,22A6BE98D201B101C32661739967BF4DED12EF96,-10.678885000000008
2020-03-13 08:29:17,22A6BE98D201B101C32661739967BF4DED12EF96,6.171109999999999
2020-03-13 08:29:36,22A6BE98D201B101C32661739967BF4DED12EF96,-27.305005000000023
2020-03-13 08:29:55,22A6BE98D201B101C32661739967BF4DED12EF96,-14.087914999999981
2020-03-13 08:30:12,22A6BE98D201B101C32661739967BF4DED12EF96,-1.4784350000000188
2020-03-13 08:30:29,22A6BE98D201B101C32661739967BF4DED12EF96,-0.07307500000004552
2020-03-13 08:30:46,22A6BE98D201B101C32661739967BF4DED12EF96,-2.78019999999998
2020-03-13 08:31:03,22A6BE98D201B101C32661739967BF4DED12EF96,-4.627585000000039
2020-03-13 08:31:20,22A6BE98D201B101C32661739967BF4DED12EF96,-9.587999999999994
2020-03-13 08:31:36,22A6BE98D201B101C32661739967BF4DED12EF96,-4.408479999999997
2020-03-13 08:31:52,22A6BE98D201B101C32661739967BF4DED12EF96,-3.3046050000000093
2020-03-13 08:32:09,22A6BE98D201B101C32661739967BF4DED12EF96,-4.789110000000021
2020-03-13 08:32:26,22A6BE98D201B101C32661739967BF4DED12EF96,-10.69247500000003
2020-03-13 08:32:42,22A6BE98D201B101C32661739967BF4DED12EF96,-12.037270000000007
2020-03-13 08:32:58,22A6BE98D201B101C32661739967BF4DED12EF96,13.02539999999999
2020-03-13 08:33:15,22A6BE98D201B101C32661739967BF4DED12EF96,-9.389524999999992
2020-03-13 08:33:31,22A6BE98D201B101C32661739967BF4DED12EF96,-17.945289999999968
2020-03-13 08:33:48,22A6BE98D201B101C32661739967BF4DED12EF96,-18.23962
2020-03-13 08:34:04,22A6BE98D201B101C32661739967BF4DED12EF96,5.339735000000019
2020-03-13 08:34:21,22A6BE98D201B101C32661739967BF4DED12EF96,-14.418960000000027
2020-03-13 08:34:37,22A6BE98D201B101C32661739967BF4DED12EF96,-5.819554999999981
2020-03-13 08:34:54,22A6BE98D201B101C32661739967BF4DED12EF96,-12.640479999999965
2020-03-13 08:35:11,22A6BE98D201B101C32661739967BF4DED12EF96,-16.502025000000003
2020-03-13 08:35:27,22A6BE98D201B101C32661739967BF4DED12EF96,-5.182385000000012
2020-03-13 08:35:44,22A6BE98D201B101C32661739967BF4DED12EF96,-20.67721
2020-03-13 08:36:00,22A6BE98D201B101C32661739967BF4DED12EF96,-14.338500000000007
2020-03-13 08:36:16,22A6BE98D201B101C32661739967BF4DED12EF96,-12.370475000000026
2020-03-13 08:36:33,22A6BE98D201B101C32661739967BF4DED12EF96,-6.1924450000000215
2020-03-13 08:36:49,22A6BE98D201B101C32661739967BF4DED12EF96,0.350480000000033
2020-03-13 08:37:06,22A6BE98D201B101C32661739967BF4DED12EF96,-23.470395000000025
2020-03-13 08:37:22,22A6BE98D201B101C32661739967BF4DED12EF96,-44.50988000000001
2020-03-13 08:37:39,22A6BE98D201B101C32661739967BF4DED12EF96,-25.47942999999998
2020-03-13 08:37:56,22A6BE98D201B101C32661739967BF4DED12EF96,-28.11146000000005
2020-03-13 08:38:13,22A6BE98D201B101C32661739967BF4DED12EF96,-7.502435000000019
2020-03-13 08:38:29,22A6BE98D201B101C32661739967BF4DED12EF96,-0.5879400000000032
2020-03-13 08:38:46,22A6BE98D201B101C32661739967BF4DED12EF96,3.6109650000000215
2020-03-13 08:39:02,22A6BE98D201B101C32661739967BF4DED12EF96,54.0564
2020-03-13 08:39:20,22A6BE98D201B101C32661739967BF4DED12EF96,2.369644999999992
2020-03-13 08:39:37,22A6BE98D201B101C32661739967BF4DED12EF96,-10.491845000000012
2020-03-13 08:39:54,22A6BE98D201B101C32661739967BF4DED12EF96,-21.47019
2020-03-13 08:40:11,22A6BE98D201B101C32661739967BF4DED12EF96,0.10132500000000276
2020-03-13 08:40:27,22A6BE98D201B101C32661739967BF4DED12EF96,-10.084864999999981
2020-03-13 08:40:45,22A6BE98D201B101C32661739967BF4DED12EF96,2.1145350000000183
2020-03-13 08:41:02,22A6BE98D201B101C32661739967BF4DED12EF96,-3.7621299999999853
2020-03-13 08:41:19,22A6BE98D201B101C32661739967BF4DED12EF96,-9.370570000000015
2020-03-13 08:41:36,22A6BE98D201B101C32661739967BF4DED12EF96,-12.781499999999996
2020-03-13 08:41:52,22A6BE98D201B101C32661739967BF4DED12EF96,0.2698899999999753
2020-03-13 08:42:09,22A6BE98D201B101C32661739967BF4DED12EF96,2.6650400000000047
2020-03-13 08:42:26,22A6BE98D201B101C32661739967BF4DED12EF96,9.512069999999966
2020-03-13 08:42:43,22A6BE98D201B101C32661739967BF4DED12EF96,-23.861525000000032
2020-03-13 08:43:00,22A6BE98D201B101C32661739967BF4DED12EF96,6.246205000000032
2020-03-13 08:43:17,22A6BE98D201B101C32661739967BF4DED12EF96,-20.10440500000001
2020-03-13 08:43:34,22A6BE98D201B101C32661739967BF4DED12EF96,-21.594399999999986
2020-03-13 08:43:50,22A6BE98D201B101C32661739967BF4DED12EF96,30.46512000000001
2020-03-13 08:44:08,22A6BE98D201B101C32661739967BF4DED12EF96,-8.076069999999959
2020-03-13 08:44:25,22A6BE98D201B101C32661739967BF4DED12EF96,-30.037159999999968
2020-03-13 08:44:41,22A6BE98D201B101C32661739967BF4DED12EF96,-8.278015000000009
2020-03-13 08:44:58,22A6BE98D201B101C32661739967BF4DED12EF96,-5.610825000000035
2020-03-13 08:45:14,22A6BE98D201B101C32661739967BF4DED12EF96,-22.16088500000001
2020-03-13 08:45:31,22A6BE98D201B101C32661739967BF4DED12EF96,-17.904400000000038
2020-03-13 08:45:47,22A6BE98D201B101C32661739967BF4DED12EF96,-12.990594999999955
2020-03-13 08:46:04,22A6BE98D201B101C32661739967BF4DED12EF96,-17.062904999999972
2020-03-13 08:46:20,22A6BE98D201B101C32661739967BF4DED12EF96,6.172899999999999
2020-03-13 08:46:37,22A6BE98D201B101C32661739967BF4DED12EF96,1.6075399999999718
2020-03-13 08:46:54,22A6BE98D201B101C32661739967BF4DED12EF96,-13.734814999999998
2020-03-13 08:47:10,22A6BE98D201B101C32661739967BF4DED12EF96,-12.090325000000007
2020-03-13 08:47:26,22A6BE98D201B101C32661739967BF4DED12EF96,-13.864045000000004
2020-03-13 08:47:43,22A6BE98D201B101C32661739967BF4DED12EF96,-6.2029349999999965
2020-03-13 08:47:59,22A6BE98D201B101C32661739967BF4DED12EF96,-15.427474999999989
2020-03-13 08:48:16,22A6BE98D201B101C32661739967BF4DED12EF96,56.787135000000006
2020-03-13 08:48:35,22A6BE98D201B101C32661739967BF4DED12EF96,-9.48357999999996
2020-03-13 08:48:52,22A6BE98D201B101C32661739967BF4DED12EF96,13.272529999999962
2020-03-13 08:49:08,22A6BE98D201B101C32661739967BF4DED12EF96,-32.32741500000003
2020-03-13 08:49:26,22A6BE98D201B101C32661739967BF4DED12EF96,34.521345000000004
2020-03-13 08:49:43,22A6BE98D201B101C32661739967BF4DED12EF96,-3.6070350000000246
2020-03-13 08:49:59,22A6BE98D201B101C32661739967BF4DED12EF96,-40.75205500000001
2020-03-13 08:50:17,22A6BE98D201B101C32661739967BF4DED12EF96,-14.629009999999996
2020-03-13 08:50:33,22A6BE98D201B101C32661739967BF4DED12EF96,-2.1109550000000183
2020-03-13 08:50:50,22A6BE98D201B101C32661739967BF4DED12EF96,-9.778494999999992
2020-03-13 08:51:06,22A6BE98D201B101C32661739967BF4DED12EF96,-5.939610000000018
2020-03-13 08:51:23,22A6BE98D201B101C32661739967BF4DED12EF96,-12.481445000000008
2020-03-13 08:51:39,22A6BE98D201B101C32661739967BF4DED12EF96,-9.85372000000001
2020-03-13 08:51:56,22A6BE98D201B101C32661739967BF4DED12EF96,-4.286529999999999
2020-03-13 08:52:13,22A6BE98D201B101C32661739967BF4DED12EF96,-7.097125000000035
2020-03-13 08:52:30,22A6BE98D201B101C32661739967BF4DED12EF96,-5.849010000000021
2020-03-13 08:52:46,22A6BE98D201B101C32661739967BF4DED12EF96,3.7816799999999935
2020-03-13 08:53:03,22A6BE98D201B101C32661739967BF4DED12EF96,-17.296549999999996
2020-03-13 08:53:19,22A6BE98D201B101C32661739967BF4DED12EF96,-1.9409649999999767
2020-03-13 08:53:36,22A6BE98D201B101C32661739967BF4DED12EF96,-20.400399999999987
2020-03-13 08:53:52,22A6BE98D201B101C32661739967BF4DED12EF96,-8.703940000000017
2020-03-13 08:54:08,22A6BE98D201B101C32661739967BF4DED12EF96,-8.293624999999992
2020-03-13 08:54:25,22A6BE98D201B101C32661739967BF4DED12EF96,-14.00173000000001
2020-03-13 08:54:42,22A6BE98D201B101C32661739967BF4DED12EF96,1.9490700000000056
2020-03-13 08:54:58,22A6BE98D201B101C32661739967BF4DED12EF96,-2.2268299999999783
2020-03-13 08:55:14,22A6BE98D201B101C32661739967BF4DED12EF96,7.619859999999987
2020-03-13 08:55:31,22A6BE98D201B101C32661739967BF4DED12EF96,27.633554999999998
2020-03-13 08:55:47,22A6BE98D201B101C32661739967BF4DED12EF96,16.08943499999998
2020-03-13 08:56:03,22A6BE98D201B101C32661739967BF4DED12EF96,11.438969999999983
2020-03-13 08:56:19,22A6BE98D201B101C32661739967BF4DED12EF96,-0.9024150000000476
2020-03-13 08:56:35,22A6BE98D201B101C32661739967BF4DED12EF96,8.157605000000018
2020-03-13 08:56:52,22A6BE98D201B101C32661739967BF4DED12EF96,0.673769999999962
2020-03-13 08:57:08,22A6BE98D201B101C32661739967BF4DED12EF96,3.5846249999999884
2020-03-13 08:57:24,22A6BE98D201B101C32661739967BF4DED12EF96,-7.058144999999996
2020-03-13 08:57:40,22A6BE98D201B101C32661739967BF4DED12EF96,6.03663499999996
2020-03-13 08:57:56,22A6BE98D201B101C32661739967BF4DED12EF96,8.284334999999999
2020-03-13 08:58:13,22A6BE98D201B101C32661739967BF4DED12EF96,14.52147500000001
2020-03-13 08:58:29,22A6BE98D201B101C32661739967BF4DED12EF96,44.23857000000001
2020-03-13 08:58:45,22A6BE98D201B101C32661739967BF4DED12EF96,15.809419999999989
2020-03-13 08:59:01,22A6BE98D201B101C32661739967BF4DED12EF96,5.7283649999999975
2020-03-13 08:59:17,22A6BE98D201B101C32661739967BF4DED12EF96,-4.415984999999979
2020-03-13 08:59:33,22A6BE98D201B101C32661739967BF4DED12EF96,-2.570510000000013
2020-03-13 08:59:49,22A6BE98D201B101C32661739967BF4DED12EF96,18.091914999999968
2020-03-13 09:00:05,22A6BE98D201B101C32661739967BF4DED12EF96,9.413005000000027
2020-03-13 09:00:22,22A6BE98D201B101C32661739967BF4DED12EF96,3.7120549999999635
2020-03-13 09:00:38,22A6BE98D201B101C32661739967BF4DED12EF96,15.580535000000026
2020-03-13 09:00:54,22A6BE98D201B101C32661739967BF4DED12EF96,-1.821994999999987
2020-03-13 09:01:10,22A6BE98D201B101C32661739967BF4DED12EF96,0.2019400000000076
2020-03-13 09:01:26,22A6BE98D201B101C32661739967BF4DED12EF96,-6.305814999999996
2020-03-13 09:01:43,22A6BE98D201B101C32661739967BF4DED12EF96,-2.6520550000000185
2020-03-13 09:01:59,22A6BE98D201B101C32661739967BF4DED12EF96,14.884115000000007
2020-03-13 09:02:15,22A6BE98D201B101C32661739967BF4DED12EF96,-0.1794100000000185
2020-03-13 09:02:32,22A6BE98D201B101C32661739967BF4DED12EF96,12.40694499999998
2020-03-13 09:02:48,22A6BE98D201B101C32661739967BF4DED12EF96,17.56036500000002
2020-03-13 09:03:05,22A6BE98D201B101C32661739967BF4DED12EF96,34.14250000000001
2020-03-13 09:03:22,22A6BE98D201B101C32661739967BF4DED12EF96,-0.29647500000001514
2020-03-13 09:03:39,22A6BE98D201B101C32661739967BF4DED12EF96,3.374465000000015
2020-03-13 09:03:56,22A6BE98D201B101C32661739967BF4DED12EF96,4.9283550000000105
2020-03-13 09:04:12,22A6BE98D201B101C32661739967BF4DED12EF96,23.850075000000004
2020-03-13 09:04:29,22A6BE98D201B101C32661739967BF4DED12EF96,11.030320000000017
2020-03-13 09:04:46,22A6BE98D201B101C32661739967BF4DED12EF96,-33.895369999999986
2020-03-13 09:05:03,22A6BE98D201B101C32661739967BF4DED12EF96,-6.508349999999979
2020-03-13 09:05:20,22A6BE98D201B101C32661739967BF4DED12EF96,21.959659999999985
2020-03-13 09:05:39,22A6BE98D201B101C32661739967BF4DED12EF96,3.4556400000000167
2020-03-13 09:05:56,22A6BE98D201B101C32661739967BF4DED12EF96,11.162515000000012
2020-03-13 09:06:12,22A6BE98D201B101C32661739967BF4DED12EF96,2.1829600000000084
2020-03-13 09:06:28,22A6BE98D201B101C32661739967BF4DED12EF96,24.52946
2020-03-13 09:06:45,22A6BE98D201B101C32661739967BF4DED12EF96,11.821269999999974
2020-03-13 09:07:01,22A6BE98D201B101C32661739967BF4DED12EF96,33.15066999999999
2020-03-13 09:07:18,22A6BE98D201B101C32661739967BF4DED12EF96,-101.72784
2020-03-13 09:07:36,22A6BE98D201B101C32661739967BF4DED12EF96,-2.4373549999999966
2020-03-13 09:07:53,22A6BE98D201B101C32661739967BF4DED12EF96,14.641404999999995
2020-03-13 09:08:10,22A6BE98D201B101C32661739967BF4DED12EF96,8.603809999999982
2020-03-13 09:08:27,22A6BE98D201B101C32661739967BF4DED12EF96,-26.430960000000034
2020-03-13 09:08:46,22A6BE98D201B101C32661739967BF4DED12EF96,10.950915000000007
2020-03-13 09:09:02,22A6BE98D201B101C32661739967BF4DED12EF96,32.442455000000024
2020-03-13 09:09:19,22A6BE98D201B101C32661739967BF4DED12EF96,27.097939999999994
2020-03-13 09:09:35,22A6BE98D201B101C32661739967BF4DED12EF96,44.90208500000003
2020-03-13 09:09:52,22A6BE98D201B101C32661739967BF4DED12EF96,17.720460000000006
2020-03-13 09:10:08,22A6BE98D201B101C32661739967BF4DED12EF96,31.75806500000001
2020-03-13 09:10:25,22A6BE98D201B101C32661739967BF4DED12EF96,48.72191000000001
2020-03-13 09:10:42,22A6BE98D201B101C32661739967BF4DED12EF96,10.799174999999993
2020-03-13 09:10:58,22A6BE98D201B101C32661739967BF4DED12EF96,5.752920000000018
2020-03-13 09:11:16,22A6BE98D201B101C32661739967BF4DED12EF96,-7.622365000000002
2020-03-13 09:11:33,22A6BE98D201B101C32661739967BF4DED12EF96,13.448475000000027
2020-03-13 09:11:49,22A6BE98D201B101C32661739967BF4DED12EF96,5.0114449999999815
2020-03-13 09:12:05,22A6BE98D201B101C32661739967BF4DED12EF96,-15.818594999999988
2020-03-13 09:12:21,22A6BE98D201B101C32661739967BF4DED12EF96,12.440439999999995
2020-03-13 09:12:38,22A6BE98D201B101C32661739967BF4DED12EF96,-4.5944399999999925
2020-03-13 09:12:54,22A6BE98D201B101C32661739967BF4DED12EF96,30.780069999999967
2020-03-13 09:13:10,22A6BE98D201B101C32661739967BF4DED12EF96,7.407784999999992
2020-03-13 09:13:27,22A6BE98D201B101C32661739967BF4DED12EF96,23.038985
2020-03-13 09:13:43,22A6BE98D201B101C32661739967BF4DED12EF96,4.9718650000000055
2020-03-13 09:13:59,22A6BE98D201B101C32661739967BF4DED12EF96,14.574169999999981
2020-03-13 09:14:15,22A6BE98D201B101C32661739967BF4DED12EF96,-9.688139999999976
2020-03-13 09:14:31,22A6BE98D201B101C32661739967BF4DED12EF96,26.852839999999986
2020-03-13 09:14:48,22A6BE98D201B101C32661739967BF4DED12EF96,7.615089999999981
2020-03-13 09:15:04,22A6BE98D201B101C32661739967BF4DED12EF96,1.1916200000000003
2020-03-13 09:15:20,22A6BE98D201B101C32661739967BF4DED12EF96,4.634024999999982
2020-03-13 09:15:36,22A6BE98D201B101C32661739967BF4DED12EF96,1.8707499999999584
2020-03-13 09:15:52,22A6BE98D201B101C32661739967BF4DED12EF96,18.44823500000001
2020-03-13 09:16:08,22A6BE98D201B101C32661739967BF4DED12EF96,3.082754999999992
2020-03-13 09:16:24,22A6BE98D201B101C32661739967BF4DED12EF96,-4.323955000000012
2020-03-13 09:16:40,22A6BE98D201B101C32661739967BF4DED12EF96,-5.7004699999999975
2020-03-13 09:16:56,22A6BE98D201B101C32661739967BF4DED12EF96,8.963705000000003
2020-03-13 09:17:12,22A6BE98D201B101C32661739967BF4DED12EF96,15.013575000000005
2020-03-13 09:17:29,22A6BE98D201B101C32661739967BF4DED12EF96,-6.4456500000000005
2020-03-13 09:17:45,22A6BE98D201B101C32661739967BF4DED12EF96,7.213354999999979
2020-03-13 09:18:01,22A6BE98D201B101C32661739967BF4DED12EF96,12.326954999999998
2020-03-13 09:18:17,22A6BE98D201B101C32661739967BF4DED12EF96,9.104015000000004
2020-03-13 09:18:33,22A6BE98D201B101C32661739967BF4DED12EF96,-2.49982
2020-03-13 09:18:50,22A6BE98D201B101C32661739967BF4DED12EF96,9.035950000000014
2020-03-13 09:19:06,22A6BE98D201B101C32661739967BF4DED12EF96,6.777524999999998
2020-03-13 09:19:22,22A6BE98D201B101C32661739967BF4DED12EF96,10.328655000000024
2020-03-13 09:19:38,22A6BE98D201B101C32661739967BF4DED12EF96,0.7228800000000035
2020-03-13 09:19:54,22A6BE98D201B101C32661739967BF4DED12EF96,-6.399744999999998
2020-03-13 09:20:10,22A6BE98D201B101C32661739967BF4DED12EF96,14.690404999999974
2020-03-13 09:20:26,22A6BE98D201B101C32661739967BF4DED12EF96,-8.85796000000002
2020-03-13 09:20:43,22A6BE98D201B101C32661739967BF4DED12EF96,4.64940500000003
2020-03-13 09:20:59,22A6BE98D201B101C32661739967BF4DED12EF96,18.661859999999987
2020-03-13 09:21:15,22A6BE98D201B101C32661739967BF4DED12EF96,3.782635000000029
2020-03-13 09:21:31,22A6BE98D201B101C32661739967BF4DED12EF96,14.699459999999988
2020-03-13 09:21:48,22A6BE98D201B101C32661739967BF4DED12EF96,-4.362944999999995
2020-03-13 09:22:03,22A6BE98D201B101C32661739967BF4DED12EF96,7.709149999999994
2020-03-13 09:22:20,22A6BE98D201B101C32661739967BF4DED12EF96,2.6155700000000195
2020-03-13 09:22:36,22A6BE98D201B101C32661739967BF4DED12EF96,11.943819999999988
2020-03-13 09:22:52,22A6BE98D201B101C32661739967BF4DED12EF96,7.513520000000027
2020-03-13 09:23:08,22A6BE98D201B101C32661739967BF4DED12EF96,3.5264499999999828
2020-03-13 09:23:24,22A6BE98D201B101C32661739967BF4DED12EF96,10.462045000000018
2020-03-13 09:23:40,22A6BE98D201B101C32661739967BF4DED12EF96,1.1761199999999974
2020-03-13 09:23:56,22A6BE98D201B101C32661739967BF4DED12EF96,11.488914999999993
2020-03-13 09:24:13,22A6BE98D201B101C32661739967BF4DED12EF96,13.314009999999994
2020-03-13 09:24:29,22A6BE98D201B101C32661739967BF4DED12EF96,-8.185865000000009
2020-03-13 09:24:45,22A6BE98D201B101C32661739967BF4DED12EF96,-3.852364999999992
2020-03-13 09:25:01,22A6BE98D201B101C32661739967BF4DED12EF96,17.74597
2020-03-13 09:25:17,22A6BE98D201B101C32661739967BF4DED12EF96,-8.278850000000006
2020-03-13 09:25:33,22A6BE98D201B101C32661739967BF4DED12EF96,13.646960000000007
2020-03-13 09:25:50,22A6BE98D201B101C32661739967BF4DED12EF96,3.3653999999999935
2020-03-13 09:26:06,22A6BE98D201B101C32661739967BF4DED12EF96,4.543665000000004
2020-03-13 09:26:22,22A6BE98D201B101C32661739967BF4DED12EF96,-3.817559999999986
2020-03-13 09:26:38,22A6BE98D201B101C32661739967BF4DED12EF96,2.0868799999999794
2020-03-13 09:26:54,22A6BE98D201B101C32661739967BF4DED12EF96,-3.19708
2020-03-13 09:27:10,22A6BE98D201B101C32661739967BF4DED12EF96,3.047109999999975
2020-03-13 09:27:26,22A6BE98D201B101C32661739967BF4DED12EF96,0.516414999999995
2020-03-13 09:27:42,22A6BE98D201B101C32661739967BF4DED12EF96,4.486674999999991
2020-03-13 09:27:59,22A6BE98D201B101C32661739967BF4DED12EF96,22.76301000000001
2020-03-13 09:28:17,22A6BE98D201B101C32661739967BF4DED12EF96,18.140675000000016
2020-03-13 09:28:33,22A6BE98D201B101C32661739967BF4DED12EF96,7.879494999999991
2020-03-13 09:28:49,22A6BE98D201B101C32661739967BF4DED12EF96,3.4499099999999885
2020-03-13 09:29:07,22A6BE98D201B101C32661739967BF4DED12EF96,28.17071000000001
2020-03-13 09:29:27,22A6BE98D201B101C32661739967BF4DED12EF96,19.76334500000001
2020-03-13 09:29:43,22A6BE98D201B101C32661739967BF4DED12EF96,5.6610100000000045
2020-03-13 09:29:59,22A6BE98D201B101C32661739967BF4DED12EF96,4.437809999999985
2020-03-13 09:30:15,22A6BE98D201B101C32661739967BF4DED12EF96,10.161395
2020-03-13 09:30:31,22A6BE98D201B101C32661739967BF4DED12EF96,0.9562999999999988
2020-03-13 09:30:48,22A6BE98D201B101C32661739967BF4DED12EF96,-1.141190000000023
2020-03-13 09:31:04,22A6BE98D201B101C32661739967BF4DED12EF96,-9.905814999999961
2020-03-13 09:31:21,22A6BE98D201B101C32661739967BF4DED12EF96,4.026644999999974
2020-03-13 09:31:37,22A6BE98D201B101C32661739967BF4DED12EF96,0.5736300000000085
2020-03-13 09:31:53,22A6BE98D201B101C32661739967BF4DED12EF96,4.169700000000034
2020-03-13 09:32:09,22A6BE98D201B101C32661739967BF4DED12EF96,-1.822224999999975
2020-03-13 09:32:25,22A6BE98D201B101C32661739967BF4DED12EF96,14.168624999999993
2020-03-13 09:32:42,22A6BE98D201B101C32661739967BF4DED12EF96,6.170864999999992
2020-03-13 09:32:58,22A6BE98D201B101C32661739967BF4DED12EF96,22.057895
2020-03-13 09:33:14,22A6BE98D201B101C32661739967BF4DED12EF96,11.059525000000008
2020-03-13 09:33:30,22A6BE98D201B101C32661739967BF4DED12EF96,0.9374600000000156
2020-03-13 09:33:46,22A6BE98D201B101C32661739967BF4DED12EF96,11.489514999999983
2020-03-13 09:34:02,22A6BE98D201B101C32661739967BF4DED12EF96,31.62599
2020-03-13 09:34:19,22A6BE98D201B101C32661739967BF4DED12EF96,2.904890000000023
2020-03-13 09:34:35,22A6BE98D201B101C32661739967BF4DED12EF96,20.477054999999982
2020-03-13 09:34:51,22A6BE98D201B101C32661739967BF4DED12EF96,96.24671999999998
2020-03-13 09:35:10,22A6BE98D201B101C32661739967BF4DED12EF96,17.095324999999974
2020-03-13 09:35:26,22A6BE98D201B101C32661739967BF4DED12EF96,13.524410000000017
2020-03-13 09:35:42,22A6BE98D201B101C32661739967BF4DED12EF96,16.392830000000004
2020-03-13 09:35:58,22A6BE98D201B101C32661739967BF4DED12EF96,1.4076200000000083
2020-03-13 09:36:14,22A6BE98D201B101C32661739967BF4DED12EF96,26.93594000000001
2020-03-13 09:36:30,22A6BE98D201B101C32661739967BF4DED12EF96,11.519899999999973
2020-03-13 09:36:47,22A6BE98D201B101C32661739967BF4DED12EF96,1.8979300000000308
2020-03-13 09:37:02,22A6BE98D201B101C32661739967BF4DED12EF96,14.88864000000001
2020-03-13 09:37:19,22A6BE98D201B101C32661739967BF4DED12EF96,17.768384999999995
2020-03-13 09:37:36,22A6BE98D201B101C32661739967BF4DED12EF96,7.115605000000016
2020-03-13 09:37:52,22A6BE98D201B101C32661739967BF4DED12EF96,6.260034999999987
2020-03-13 09:38:08,22A6BE98D201B101C32661739967BF4DED12EF96,13.750550000000036
2020-03-13 09:38:24,22A6BE98D201B101C32661739967BF4DED12EF96,16.562579999999997
2020-03-13 09:38:40,22A6BE98D201B101C32661739967BF4DED12EF96,7.983929999999987
2020-03-13 09:38:56,22A6BE98D201B101C32661739967BF4DED12EF96,-0.07009500000000912
2020-03-13 09:39:12,22A6BE98D201B101C32661739967BF4DED12EF96,-8.314490000000006
2020-03-13 09:39:28,22A6BE98D201B101C32661739967BF4DED12EF96,-0.2363949999999875
2020-03-13 09:39:45,22A6BE98D201B101C32661739967BF4DED12EF96,-5.9379399999999976
2020-03-13 09:40:04,22A6BE98D201B101C32661739967BF4DED12EF96,-3.3854300000000137
2020-03-13 09:40:20,22A6BE98D201B101C32661739967BF4DED12EF96,22.29726499999998
2020-03-13 09:40:37,22A6BE98D201B101C32661739967BF4DED12EF96,4.135369999999966
2020-03-13 09:40:53,22A6BE98D201B101C32661739967BF4DED12EF96,17.13049000000001
2020-03-13 09:41:09,22A6BE98D201B101C32661739967BF4DED12EF96,5.4671749999999975
2020-03-13 09:41:25,22A6BE98D201B101C32661739967BF4DED12EF96,-10.777119999999995
2020-03-13 09:41:42,22A6BE98D201B101C32661739967BF4DED12EF96,7.068985000000026
2020-03-13 09:41:57,22A6BE98D201B101C32661739967BF4DED12EF96,16.11506
2020-03-13 09:42:13,22A6BE98D201B101C32661739967BF4DED12EF96,3.4769750000000097
2020-03-13 09:42:29,22A6BE98D201B101C32661739967BF4DED12EF96,2.726315
2020-03-13 09:42:46,22A6BE98D201B101C32661739967BF4DED12EF96,-5.390170000000012
2020-03-13 09:43:02,22A6BE98D201B101C32661739967BF4DED12EF96,7.301690000000009
2020-03-13 09:43:18,22A6BE98D201B101C32661739967BF4DED12EF96,8.907435000000019
2020-03-13 09:43:34,22A6BE98D201B101C32661739967BF4DED12EF96,-1.0913599999999803
2020-03-13 09:43:50,22A6BE98D201B101C32661739967BF4DED12EF96,12.78949000000003
2020-03-13 09:44:06,22A6BE98D201B101C32661739967BF4DED12EF96,22.43708999999999
2020-03-13 09:44:22,22A6BE98D201B101C32661739967BF4DED12EF96,-5.5216600000000255
2020-03-13 09:44:39,22A6BE98D201B101C32661739967BF4DED12EF96,15.680309999999993
2020-03-13 09:44:55,22A6BE98D201B101C32661739967BF4DED12EF96,1.9319050000000288
2020-03-13 09:45:11,22A6BE98D201B101C32661739967BF4DED12EF96,5.978109999999987
2020-03-13 09:45:28,22A6BE98D201B101C32661739967BF4DED12EF96,4.26852999999997
2020-03-13 09:45:44,22A6BE98D201B101C32661739967BF4DED12EF96,21.198755000000006
2020-03-13 09:46:00,22A6BE98D201B101C32661739967BF4DED12EF96,38.438440000000014
2020-03-13 09:46:16,22A6BE98D201B101C32661739967BF4DED12EF96,-0.6779499999999814
2020-03-13 09:46:32,22A6BE98D201B101C32661739967BF4DED12EF96,3.653050000000008
2020-03-13 09:46:48,22A6BE98D201B101C32661739967BF4DED12EF96,4.0314200000000255
2020-03-13 09:47:05,22A6BE98D201B101C32661739967BF4DED12EF96,13.193014999999974
2020-03-13 09:47:21,22A6BE98D201B101C32661739967BF4DED12EF96,9.197834999999998
2020-03-13 09:47:37,22A6BE98D201B101C32661739967BF4DED12EF96,-0.8946599999999876
2020-03-13 09:47:53,22A6BE98D201B101C32661739967BF4DED12EF96,-2.195589999999981
2020-03-13 09:48:09,22A6BE98D201B101C32661739967BF4DED12EF96,10.422110000000004
2020-03-13 09:48:25,22A6BE98D201B101C32661739967BF4DED12EF96,12.072210000000013
2020-03-13 09:48:42,22A6BE98D201B101C32661739967BF4DED12EF96,9.399055000000033
2020-03-13 09:48:58,22A6BE98D201B101C32661739967BF4DED12EF96,-3.955955000000017
2020-03-13 09:49:14,22A6BE98D201B101C32661739967BF4DED12EF96,28.00882000000001
2020-03-13 09:49:30,22A6BE98D201B101C32661739967BF4DED12EF96,-8.500934999999998
2020-03-13 09:49:47,22A6BE98D201B101C32661739967BF4DED12EF96,-4.847999999999985
2020-03-13 09:50:03,22A6BE98D201B101C32661739967BF4DED12EF96,7.216450000000037
2020-03-13 09:50:19,22A6BE98D201B101C32661739967BF4DED12EF96,10.98894500000003
2020-03-13 09:50:35,22A6BE98D201B101C32661739967BF4DED12EF96,18.83947999999998
2020-03-13 09:50:51,22A6BE98D201B101C32661739967BF4DED12EF96,-0.4289100000000303
2020-03-13 09:51:07,22A6BE98D201B101C32661739967BF4DED12EF96,-9.345180000000001
2020-03-13 09:51:23,22A6BE98D201B101C32661739967BF4DED12EF96,-1.6603500000000224
2020-03-13 09:51:39,22A6BE98D201B101C32661739967BF4DED12EF96,-3.2993500000000324
2020-03-13 09:51:56,22A6BE98D201B101C32661739967BF4DED12EF96,20.929459999999978
2020-03-13 09:52:12,22A6BE98D201B101C32661739967BF4DED12EF96,4.785534999999982
2020-03-13 09:52:28,22A6BE98D201B101C32661739967BF4DED12EF96,18.866295000000008
2020-03-13 09:52:44,22A6BE98D201B101C32661739967BF4DED12EF96,13.185970000000026
2020-03-13 09:53:01,22A6BE98D201B101C32661739967BF4DED12EF96,-0.0281349999999918
2020-03-13 09:53:17,22A6BE98D201B101C32661739967BF4DED12EF96,19.31941500000002
2020-03-13 09:53:33,22A6BE98D201B101C32661739967BF4DED12EF96,12.127040000000026
2020-03-13 09:53:49,22A6BE98D201B101C32661739967BF4DED12EF96,6.7741900000000035
2020-03-13 09:54:06,22A6BE98D201B101C32661739967BF4DED12EF96,6.038904999999971
2020-03-13 09:54:22,22A6BE98D201B101C32661739967BF4DED12EF96,-90.32536000000002
2020-03-13 09:54:40,22A6BE98D201B101C32661739967BF4DED12EF96,14.848115000000007
2020-03-13 09:54:56,22A6BE98D201B101C32661739967BF4DED12EF96,14.325495000000016
2020-03-13 09:55:12,22A6BE98D201B101C32661739967BF4DED12EF96,29.189585000000022
2020-03-13 09:55:28,22A6BE98D201B101C32661739967BF4DED12EF96,-5.335804999999965
2020-03-13 09:55:44,22A6BE98D201B101C32661739967BF4DED12EF96,18.974664999999987
2020-03-13 09:56:00,22A6BE98D201B101C32661739967BF4DED12EF96,-3.28445499999998
2020-03-13 09:56:16,22A6BE98D201B101C32661739967BF4DED12EF96,-14.41561999999999
2020-03-13 09:56:33,22A6BE98D201B101C32661739967BF4DED12EF96,-12.005930000000037
2020-03-13 09:56:50,22A6BE98D201B101C32661739967BF4DED12EF96,-4.038100000000013
2020-03-13 09:57:07,22A6BE98D201B101C32661739967BF4DED12EF96,-29.83427499999999
2020-03-13 09:57:24,22A6BE98D201B101C32661739967BF4DED12EF96,-12.373210000000027
2020-03-13 09:57:41,22A6BE98D201B101C32661739967BF4DED12EF96,-13.339520000000027
2020-03-13 09:57:58,22A6BE98D201B101C32661739967BF4DED12EF96,-14.814975000000004
2020-03-13 09:58:15,22A6BE98D201B101C32661739967BF4DED12EF96,10.33175
2020-03-13 09:58:31,22A6BE98D201B101C32661739967BF4DED12EF96,0.974064999999996
2020-03-13 09:58:47,22A6BE98D201B101C32661739967BF4DED12EF96,15.064949999999984
2020-03-13 09:59:03,22A6BE98D201B101C32661739967BF4DED12EF96,4.337789999999984
2020-03-13 09:59:20,22A6BE98D201B101C32661739967BF4DED12EF96,8.837819999999994
2020-03-13 09:59:35,22A6BE98D201B101C32661739967BF4DED12EF96,-4.981394999999992
2020-03-13 09:59:52,22A6BE98D201B101C32661739967BF4DED12EF96,10.453099999999976
2020-03-13 10:00:08,22A6BE98D201B101C32661739967BF4DED12EF96,16.673569999999984
2020-03-13 10:00:24,22A6BE98D201B101C32661739967BF4DED12EF96,-6.196495000000027
2020-03-13 10:00:40,22A6BE98D201B101C32661739967BF4DED12EF96,14.901879999999974
2020-03-13 10:00:56,22A6BE98D201B101C32661739967BF4DED12EF96,3.7780999999999683
2020-03-13 10:01:12,22A6BE98D201B101C32661739967BF4DED12EF96,9.693384999999976
2020-03-13 10:01:28,22A6BE98D201B101C32661739967BF4DED12EF96,-0.4254549999999995
2020-03-13 10:01:44,22A6BE98D201B101C32661739967BF4DED12EF96,-10.906450000000007
2020-03-13 10:02:02,22A6BE98D201B101C32661739967BF4DED12EF96,8.613820000000032
2020-03-13 10:02:20,22A6BE98D201B101C32661739967BF4DED12EF96,23.47266500000001
2020-03-13 10:02:36,22A6BE98D201B101C32661739967BF4DED12EF96,19.267080000000018
2020-03-13 10:02:53,22A6BE98D201B101C32661739967BF4DED12EF96,-2.202509999999989
2020-03-13 10:03:09,22A6BE98D201B101C32661739967BF4DED12EF96,29.887554999999967
2020-03-13 10:03:25,22A6BE98D201B101C32661739967BF4DED12EF96,-6.618495000000024
2020-03-13 10:03:43,22A6BE98D201B101C32661739967BF4DED12EF96,8.270379999999989
2020-03-13 10:03:59,22A6BE98D201B101C32661739967BF4DED12EF96,-10.48386000000002
2020-03-13 10:04:16,22A6BE98D201B101C32661739967BF4DED12EF96,-3.797650000000005
2020-03-13 10:04:32,22A6BE98D201B101C32661739967BF4DED12EF96,7.763029999999987
2020-03-13 10:04:48,22A6BE98D201B101C32661739967BF4DED12EF96,-7.2193149999999955
2020-03-13 10:05:04,22A6BE98D201B101C32661739967BF4DED12EF96,7.095460000000003
2020-03-13 10:05:21,22A6BE98D201B101C32661739967BF4DED12EF96,10.21837499999998
2020-03-13 10:05:37,22A6BE98D201B101C32661739967BF4DED12EF96,5.819564999999955
2020-03-13 10:05:53,22A6BE98D201B101C32661739967BF4DED12EF96,-9.384514999999992
2020-03-13 10:06:09,22A6BE98D201B101C32661739967BF4DED12EF96,13.774630000000027
2020-03-13 10:06:26,22A6BE98D201B101C32661739967BF4DED12EF96,6.8229399999999885
2020-03-13 10:06:42,22A6BE98D201B101C32661739967BF4DED12EF96,10.947585000000034
2020-03-13 10:06:58,22A6BE98D201B101C32661739967BF4DED12EF96,11.555794999999993
2020-03-13 10:07:14,22A6BE98D201B101C32661739967BF4DED12EF96,2.7918800000000203
2020-03-13 10:07:30,22A6BE98D201B101C32661739967BF4DED12EF96,18.730999999999995
2020-03-13 10:07:47,22A6BE98D201B101C32661739967BF4DED12EF96,16.26801499999999
2020-03-13 10:08:03,22A6BE98D201B101C32661739967BF4DED12EF96,9.743095000000013
2020-03-13 10:08:19,22A6BE98D201B101C32661739967BF4DED12EF96,2.679595000000006
2020-03-13 10:08:35,22A6BE98D201B101C32661739967BF4DED12EF96,9.697439999999972
2020-03-13 10:08:51,22A6BE98D201B101C32661739967BF4DED12EF96,18.210535000000018
2020-03-13 10:09:07,22A6BE98D201B101C32661739967BF4DED12EF96,0.8844100000000026
2020-03-13 10:09:23,22A6BE98D201B101C32661739967BF4DED12EF96,5.3602450000000195
2020-03-13 10:09:40,22A6BE98D201B101C32661739967BF4DED12EF96,-1.6094500000000096
2020-03-13 10:09:56,22A6BE98D201B101C32661739967BF4DED12EF96,-0.3700299999999857
2020-03-13 10:10:12,22A6BE98D201B101C32661739967BF4DED12EF96,16.227604999999983
2020-03-13 10:10:28,22A6BE98D201B101C32661739967BF4DED12EF96,20.761965000000004
2020-03-13 10:10:44,22A6BE98D201B101C32661739967BF4DED12EF96,-1.3198849999999993
2020-03-13 10:11:00,22A6BE98D201B101C32661739967BF4DED12EF96,-0.5840100000000064
2020-03-13 10:11:16,22A6BE98D201B101C32661739967BF4DED12EF96,-9.30714999999998
2020-03-13 10:11:33,22A6BE98D201B101C32661739967BF4DED12EF96,4.087205000000012
2020-03-13 10:11:49,22A6BE98D201B101C32661739967BF4DED12EF96,17.20237499999996
2020-03-13 10:12:05,22A6BE98D201B101C32661739967BF4DED12EF96,12.760520000000017
2020-03-13 10:12:27,22A6BE98D201B101C32661739967BF4DED12EF96,-5.943420000000033
2020-03-13 10:12:43,22A6BE98D201B101C32661739967BF4DED12EF96,12.711405000000012
2020-03-13 10:13:00,22A6BE98D201B101C32661739967BF4DED12EF96,8.162494999999979
2020-03-13 10:13:16,22A6BE98D201B101C32661739967BF4DED12EF96,-3.6240799999999918
2020-03-13 10:13:32,22A6BE98D201B101C32661739967BF4DED12EF96,9.764434999999992
2020-03-13 10:13:48,22A6BE98D201B101C32661739967BF4DED12EF96,7.845525000000008
2020-03-13 10:14:04,22A6BE98D201B101C32661739967BF4DED12EF96,-6.400344999999987
2020-03-13 10:14:20,22A6BE98D201B101C32661739967BF4DED12EF96,-0.8096649999999671
2020-03-13 10:14:36,22A6BE98D201B101C32661739967BF4DED12EF96,12.131459999999974
2020-03-13 10:14:53,22A6BE98D201B101C32661739967BF4DED12EF96,4.251600000000025
2020-03-13 10:15:09,22A6BE98D201B101C32661739967BF4DED12EF96,17.86696999999998
2020-03-13 10:15:25,22A6BE98D201B101C32661739967BF4DED12EF96,-6.379959999999982
2020-03-13 10:15:41,22A6BE98D201B101C32661739967BF4DED12EF96,10.004995000000008
2020-03-13 10:15:57,22A6BE98D201B101C32661739967BF4DED12EF96,13.360974999999994
2020-03-13 10:16:13,22A6BE98D201B101C32661739967BF4DED12EF96,10.632514999999957
2020-03-13 10:16:29,22A6BE98D201B101C32661739967BF4DED12EF96,16.43216000000004
2020-03-13 10:16:46,22A6BE98D201B101C32661739967BF4DED12EF96,7.750515000000036
2020-03-13 10:17:02,22A6BE98D201B101C32661739967BF4DED12EF96,1.9135449999999707
2020-03-13 10:17:18,22A6BE98D201B101C32661739967BF4DED12EF96,-8.577945000000028
2020-03-13 10:17:34,22A6BE98D201B101C32661739967BF4DED12EF96,1.255989999999997
2020-03-13 10:17:50,22A6BE98D201B101C32661739967BF4DED12EF96,4.4084749999999815
2020-03-13 10:18:06,22A6BE98D201B101C32661739967BF4DED12EF96,0.9379399999999692
2020-03-13 10:18:22,22A6BE98D201B101C32661739967BF4DED12EF96,-0.3749099999999714
2020-03-13 10:18:38,22A6BE98D201B101C32661739967BF4DED12EF96,8.546829999999973
2020-03-13 10:18:54,22A6BE98D201B101C32661739967BF4DED12EF96,18.73755
2020-03-13 10:19:10,22A6BE98D201B101C32661739967BF4DED12EF96,-39.33704000000003
2020-03-13 10:19:28,22A6BE98D201B101C32661739967BF4DED12EF96,3.875489999999985
2020-03-13 10:19:45,22A6BE98D201B101C32661739967BF4DED12EF96,6.367090000000019
2020-03-13 10:20:01,22A6BE98D201B101C32661739967BF4DED12EF96,8.63087999999999
2020-03-13 10:20:18,22A6BE98D201B101C32661739967BF4DED12EF96,7.250550000000002
